INSERT INTO skyreftype (skyreftypeid,name,unit) VALUES (1,'galactic','deg');
INSERT INTO skyreftype (skyreftypeid,name,unit) VALUES (2,'fk5','deg');

INSERT INTO `skyringgroup` (`skyringgroupid`, `shortname`, `description`, `skyreftypeid`)
VALUES
	(1,'48',NULL,1),
	(2,'3072',NULL,1);


INSERT INTO `skyring` (`skyringid`, `skyringgroupid`, `l`, `b`, `radius`, `number`)
VALUES
	(149,1,45,66.443536,29.3162,0),
	(150,1,135,66.443536,29.3162,1),
	(151,1,225,66.443536,29.3162,2),
	(152,1,315,66.443536,29.3162,3),
	(153,1,22.5,41.810315,29.3162,4),
	(154,1,67.5,41.810315,29.3162,5),
	(155,1,112.5,41.810315,29.3162,6),
	(156,1,157.5,41.810315,29.3162,7),
	(157,1,202.5,41.810315,29.3162,8),
	(158,1,247.5,41.810315,29.3162,9),
	(159,1,292.5,41.810315,29.3162,10),
	(160,1,337.5,41.810315,29.3162,11),
	(161,1,0,19.471221,29.3162,12),
	(162,1,45,19.471221,29.3162,13),
	(163,1,90,19.471221,29.3162,14),
	(164,1,135,19.471221,29.3162,15),
	(165,1,180,19.471221,29.3162,16),
	(166,1,225,19.471221,29.3162,17),
	(167,1,270,19.471221,29.3162,18),
	(168,1,315,19.471221,29.3162,19),
	(169,1,22.5,0,29.3162,20),
	(170,1,67.5,0,29.3162,21),
	(171,1,112.5,0,29.3162,22),
	(172,1,157.5,0,29.3162,23),
	(173,1,202.5,0,29.3162,24),
	(174,1,247.5,0,29.3162,25),
	(175,1,292.5,0,29.3162,26),
	(176,1,337.5,0,29.3162,27),
	(177,1,0,-19.471221,29.3162,28),
	(178,1,45,-19.471221,29.3162,29),
	(179,1,90,-19.471221,29.3162,30),
	(180,1,135,-19.471221,29.3162,31),
	(181,1,180,-19.471221,29.3162,32),
	(182,1,225,-19.471221,29.3162,33),
	(183,1,270,-19.471221,29.3162,34),
	(184,1,315,-19.471221,29.3162,35),
	(185,1,22.5,-41.810315,29.3162,36),
	(186,1,67.5,-41.810315,29.3162,37),
	(187,1,112.5,-41.810315,29.3162,38),
	(188,1,157.5,-41.810315,29.3162,39),
	(189,1,202.5,-41.810315,29.3162,40),
	(190,1,247.5,-41.810315,29.3162,41),
	(191,1,292.5,-41.810315,29.3162,42),
	(192,1,337.5,-41.810315,29.3162,43),
	(193,1,45,-66.443536,29.3162,44),
	(194,1,135,-66.443536,29.3162,45),
	(195,1,225,-66.443536,29.3162,46),
	(196,1,315,-66.443536,29.3162,47),
	(3269,2,45,87.0758,6,0),
	(3270,2,135,87.0758,6,1),
	(3271,2,225,87.0758,6,2),
	(3272,2,315,87.0758,6,3),
	(3273,2,22.5,84.1497,6,4),
	(3274,2,67.5,84.1497,6,5),
	(3275,2,112.5,84.1497,6,6),
	(3276,2,157.5,84.1497,6,7),
	(3277,2,202.5,84.1497,6,8),
	(3278,2,247.5,84.1497,6,9),
	(3279,2,292.5,84.1497,6,10),
	(3280,2,337.5,84.1497,6,11),
	(3281,2,15,81.2198,6,12),
	(3282,2,45,81.2198,6,13),
	(3283,2,75,81.2198,6,14),
	(3284,2,105,81.2198,6,15),
	(3285,2,135,81.2198,6,16),
	(3286,2,165,81.2198,6,17),
	(3287,2,195,81.2198,6,18),
	(3288,2,225,81.2198,6,19),
	(3289,2,255,81.2198,6,20),
	(3290,2,285,81.2198,6,21),
	(3291,2,315,81.2198,6,22),
	(3292,2,345,81.2198,6,23),
	(3293,2,11.25,78.2841,6,24),
	(3294,2,33.75,78.2841,6,25),
	(3295,2,56.25,78.2841,6,26),
	(3296,2,78.75,78.2841,6,27),
	(3297,2,101.25,78.2841,6,28),
	(3298,2,123.75,78.2841,6,29),
	(3299,2,146.25,78.2841,6,30),
	(3300,2,168.75,78.2841,6,31),
	(3301,2,191.25,78.2841,6,32),
	(3302,2,213.75,78.2841,6,33),
	(3303,2,236.25,78.2841,6,34),
	(3304,2,258.75,78.2841,6,35),
	(3305,2,281.25,78.2841,6,36),
	(3306,2,303.75,78.2841,6,37),
	(3307,2,326.25,78.2841,6,38),
	(3308,2,348.75,78.2841,6,39),
	(3309,2,9,75.3407,6,40),
	(3310,2,27,75.3407,6,41),
	(3311,2,45,75.3407,6,42),
	(3312,2,63,75.3407,6,43),
	(3313,2,81,75.3407,6,44),
	(3314,2,99,75.3407,6,45),
	(3315,2,117,75.3407,6,46),
	(3316,2,135,75.3407,6,47),
	(3317,2,153,75.3407,6,48),
	(3318,2,171,75.3407,6,49),
	(3319,2,189,75.3407,6,50),
	(3320,2,207,75.3407,6,51),
	(3321,2,225,75.3407,6,52),
	(3322,2,243,75.3407,6,53),
	(3323,2,261,75.3407,6,54),
	(3324,2,279,75.3407,6,55),
	(3325,2,297,75.3407,6,56),
	(3326,2,315,75.3407,6,57),
	(3327,2,333,75.3407,6,58),
	(3328,2,351,75.3407,6,59),
	(3329,2,7.5,72.3876,6,60),
	(3330,2,22.5,72.3876,6,61),
	(3331,2,37.5,72.3876,6,62),
	(3332,2,52.5,72.3876,6,63),
	(3333,2,67.5,72.3876,6,64),
	(3334,2,82.5,72.3876,6,65),
	(3335,2,97.5,72.3876,6,66),
	(3336,2,112.5,72.3876,6,67),
	(3337,2,127.5,72.3876,6,68),
	(3338,2,142.5,72.3876,6,69),
	(3339,2,157.5,72.3876,6,70),
	(3340,2,172.5,72.3876,6,71),
	(3341,2,187.5,72.3876,6,72),
	(3342,2,202.5,72.3876,6,73),
	(3343,2,217.5,72.3876,6,74),
	(3344,2,232.5,72.3876,6,75),
	(3345,2,247.5,72.3876,6,76),
	(3346,2,262.5,72.3876,6,77),
	(3347,2,277.5,72.3876,6,78),
	(3348,2,292.5,72.3876,6,79),
	(3349,2,307.5,72.3876,6,80),
	(3350,2,322.5,72.3876,6,81),
	(3351,2,337.5,72.3876,6,82),
	(3352,2,352.5,72.3876,6,83),
	(3353,2,6.42857,69.4225,6,84),
	(3354,2,19.2857,69.4225,6,85),
	(3355,2,32.1429,69.4225,6,86),
	(3356,2,45,69.4225,6,87),
	(3357,2,57.8571,69.4225,6,88),
	(3358,2,70.7143,69.4225,6,89),
	(3359,2,83.5714,69.4225,6,90),
	(3360,2,96.4286,69.4225,6,91),
	(3361,2,109.286,69.4225,6,92),
	(3362,2,122.143,69.4225,6,93),
	(3363,2,135,69.4225,6,94),
	(3364,2,147.857,69.4225,6,95),
	(3365,2,160.714,69.4225,6,96),
	(3366,2,173.571,69.4225,6,97),
	(3367,2,186.429,69.4225,6,98),
	(3368,2,199.286,69.4225,6,99),
	(3369,2,212.143,69.4225,6,100),
	(3370,2,225,69.4225,6,101),
	(3371,2,237.857,69.4225,6,102),
	(3372,2,250.714,69.4225,6,103),
	(3373,2,263.571,69.4225,6,104),
	(3374,2,276.429,69.4225,6,105),
	(3375,2,289.286,69.4225,6,106),
	(3376,2,302.143,69.4225,6,107),
	(3377,2,315,69.4225,6,108),
	(3378,2,327.857,69.4225,6,109),
	(3379,2,340.714,69.4225,6,110),
	(3380,2,353.571,69.4225,6,111),
	(3381,2,5.625,66.4435,6,112),
	(3382,2,16.875,66.4435,6,113),
	(3383,2,28.125,66.4435,6,114),
	(3384,2,39.375,66.4435,6,115),
	(3385,2,50.625,66.4435,6,116),
	(3386,2,61.875,66.4435,6,117),
	(3387,2,73.125,66.4435,6,118),
	(3388,2,84.375,66.4435,6,119),
	(3389,2,95.625,66.4435,6,120),
	(3390,2,106.875,66.4435,6,121),
	(3391,2,118.125,66.4435,6,122),
	(3392,2,129.375,66.4435,6,123),
	(3393,2,140.625,66.4435,6,124),
	(3394,2,151.875,66.4435,6,125),
	(3395,2,163.125,66.4435,6,126),
	(3396,2,174.375,66.4435,6,127),
	(3397,2,185.625,66.4435,6,128),
	(3398,2,196.875,66.4435,6,129),
	(3399,2,208.125,66.4435,6,130),
	(3400,2,219.375,66.4435,6,131),
	(3401,2,230.625,66.4435,6,132),
	(3402,2,241.875,66.4435,6,133),
	(3403,2,253.125,66.4435,6,134),
	(3404,2,264.375,66.4435,6,135),
	(3405,2,275.625,66.4435,6,136),
	(3406,2,286.875,66.4435,6,137),
	(3407,2,298.125,66.4435,6,138),
	(3408,2,309.375,66.4435,6,139),
	(3409,2,320.625,66.4435,6,140),
	(3410,2,331.875,66.4435,6,141),
	(3411,2,343.125,66.4435,6,142),
	(3412,2,354.375,66.4435,6,143),
	(3413,2,5,63.4483,6,144),
	(3414,2,15,63.4483,6,145),
	(3415,2,25,63.4483,6,146),
	(3416,2,35,63.4483,6,147),
	(3417,2,45,63.4483,6,148),
	(3418,2,55,63.4483,6,149),
	(3419,2,65,63.4483,6,150),
	(3420,2,75,63.4483,6,151),
	(3421,2,85,63.4483,6,152),
	(3422,2,95,63.4483,6,153),
	(3423,2,105,63.4483,6,154),
	(3424,2,115,63.4483,6,155),
	(3425,2,125,63.4483,6,156),
	(3426,2,135,63.4483,6,157),
	(3427,2,145,63.4483,6,158),
	(3428,2,155,63.4483,6,159),
	(3429,2,165,63.4483,6,160),
	(3430,2,175,63.4483,6,161),
	(3431,2,185,63.4483,6,162),
	(3432,2,195,63.4483,6,163),
	(3433,2,205,63.4483,6,164),
	(3434,2,215,63.4483,6,165),
	(3435,2,225,63.4483,6,166),
	(3436,2,235,63.4483,6,167),
	(3437,2,245,63.4483,6,168),
	(3438,2,255,63.4483,6,169),
	(3439,2,265,63.4483,6,170),
	(3440,2,275,63.4483,6,171),
	(3441,2,285,63.4483,6,172),
	(3442,2,295,63.4483,6,173),
	(3443,2,305,63.4483,6,174),
	(3444,2,315,63.4483,6,175),
	(3445,2,325,63.4483,6,176),
	(3446,2,335,63.4483,6,177),
	(3447,2,345,63.4483,6,178),
	(3448,2,355,63.4483,6,179),
	(3449,2,4.5,60.4344,6,180),
	(3450,2,13.5,60.4344,6,181),
	(3451,2,22.5,60.4344,6,182),
	(3452,2,31.5,60.4344,6,183),
	(3453,2,40.5,60.4344,6,184),
	(3454,2,49.5,60.4344,6,185),
	(3455,2,58.5,60.4344,6,186),
	(3456,2,67.5,60.4344,6,187),
	(3457,2,76.5,60.4344,6,188),
	(3458,2,85.5,60.4344,6,189),
	(3459,2,94.5,60.4344,6,190),
	(3460,2,103.5,60.4344,6,191),
	(3461,2,112.5,60.4344,6,192),
	(3462,2,121.5,60.4344,6,193),
	(3463,2,130.5,60.4344,6,194),
	(3464,2,139.5,60.4344,6,195),
	(3465,2,148.5,60.4344,6,196),
	(3466,2,157.5,60.4344,6,197),
	(3467,2,166.5,60.4344,6,198),
	(3468,2,175.5,60.4344,6,199),
	(3469,2,184.5,60.4344,6,200),
	(3470,2,193.5,60.4344,6,201),
	(3471,2,202.5,60.4344,6,202),
	(3472,2,211.5,60.4344,6,203),
	(3473,2,220.5,60.4344,6,204),
	(3474,2,229.5,60.4344,6,205),
	(3475,2,238.5,60.4344,6,206),
	(3476,2,247.5,60.4344,6,207),
	(3477,2,256.5,60.4344,6,208),
	(3478,2,265.5,60.4344,6,209),
	(3479,2,274.5,60.4344,6,210),
	(3480,2,283.5,60.4344,6,211),
	(3481,2,292.5,60.4344,6,212),
	(3482,2,301.5,60.4344,6,213),
	(3483,2,310.5,60.4344,6,214),
	(3484,2,319.5,60.4344,6,215),
	(3485,2,328.5,60.4344,6,216),
	(3486,2,337.5,60.4344,6,217),
	(3487,2,346.5,60.4344,6,218),
	(3488,2,355.5,60.4344,6,219),
	(3489,2,4.09091,57.3995,6,220),
	(3490,2,12.2727,57.3995,6,221),
	(3491,2,20.4545,57.3995,6,222),
	(3492,2,28.6364,57.3995,6,223),
	(3493,2,36.8182,57.3995,6,224),
	(3494,2,45,57.3995,6,225),
	(3495,2,53.1818,57.3995,6,226),
	(3496,2,61.3636,57.3995,6,227),
	(3497,2,69.5455,57.3995,6,228),
	(3498,2,77.7273,57.3995,6,229),
	(3499,2,85.9091,57.3995,6,230),
	(3500,2,94.0909,57.3995,6,231),
	(3501,2,102.273,57.3995,6,232),
	(3502,2,110.455,57.3995,6,233),
	(3503,2,118.636,57.3995,6,234),
	(3504,2,126.818,57.3995,6,235),
	(3505,2,135,57.3995,6,236),
	(3506,2,143.182,57.3995,6,237),
	(3507,2,151.364,57.3995,6,238),
	(3508,2,159.545,57.3995,6,239),
	(3509,2,167.727,57.3995,6,240),
	(3510,2,175.909,57.3995,6,241),
	(3511,2,184.091,57.3995,6,242),
	(3512,2,192.273,57.3995,6,243),
	(3513,2,200.455,57.3995,6,244),
	(3514,2,208.636,57.3995,6,245),
	(3515,2,216.818,57.3995,6,246),
	(3516,2,225,57.3995,6,247),
	(3517,2,233.182,57.3995,6,248),
	(3518,2,241.364,57.3995,6,249),
	(3519,2,249.545,57.3995,6,250),
	(3520,2,257.727,57.3995,6,251),
	(3521,2,265.909,57.3995,6,252),
	(3522,2,274.091,57.3995,6,253),
	(3523,2,282.273,57.3995,6,254),
	(3524,2,290.455,57.3995,6,255),
	(3525,2,298.636,57.3995,6,256),
	(3526,2,306.818,57.3995,6,257),
	(3527,2,315,57.3995,6,258),
	(3528,2,323.182,57.3995,6,259),
	(3529,2,331.364,57.3995,6,260),
	(3530,2,339.545,57.3995,6,261),
	(3531,2,347.727,57.3995,6,262),
	(3532,2,355.909,57.3995,6,263),
	(3533,2,3.75,54.3409,6,264),
	(3534,2,11.25,54.3409,6,265),
	(3535,2,18.75,54.3409,6,266),
	(3536,2,26.25,54.3409,6,267),
	(3537,2,33.75,54.3409,6,268),
	(3538,2,41.25,54.3409,6,269),
	(3539,2,48.75,54.3409,6,270),
	(3540,2,56.25,54.3409,6,271),
	(3541,2,63.75,54.3409,6,272),
	(3542,2,71.25,54.3409,6,273),
	(3543,2,78.75,54.3409,6,274),
	(3544,2,86.25,54.3409,6,275),
	(3545,2,93.75,54.3409,6,276),
	(3546,2,101.25,54.3409,6,277),
	(3547,2,108.75,54.3409,6,278),
	(3548,2,116.25,54.3409,6,279),
	(3549,2,123.75,54.3409,6,280),
	(3550,2,131.25,54.3409,6,281),
	(3551,2,138.75,54.3409,6,282),
	(3552,2,146.25,54.3409,6,283),
	(3553,2,153.75,54.3409,6,284),
	(3554,2,161.25,54.3409,6,285),
	(3555,2,168.75,54.3409,6,286),
	(3556,2,176.25,54.3409,6,287),
	(3557,2,183.75,54.3409,6,288),
	(3558,2,191.25,54.3409,6,289),
	(3559,2,198.75,54.3409,6,290),
	(3560,2,206.25,54.3409,6,291),
	(3561,2,213.75,54.3409,6,292),
	(3562,2,221.25,54.3409,6,293),
	(3563,2,228.75,54.3409,6,294),
	(3564,2,236.25,54.3409,6,295),
	(3565,2,243.75,54.3409,6,296),
	(3566,2,251.25,54.3409,6,297),
	(3567,2,258.75,54.3409,6,298),
	(3568,2,266.25,54.3409,6,299),
	(3569,2,273.75,54.3409,6,300),
	(3570,2,281.25,54.3409,6,301),
	(3571,2,288.75,54.3409,6,302),
	(3572,2,296.25,54.3409,6,303),
	(3573,2,303.75,54.3409,6,304),
	(3574,2,311.25,54.3409,6,305),
	(3575,2,318.75,54.3409,6,306),
	(3576,2,326.25,54.3409,6,307),
	(3577,2,333.75,54.3409,6,308),
	(3578,2,341.25,54.3409,6,309),
	(3579,2,348.75,54.3409,6,310),
	(3580,2,356.25,54.3409,6,311),
	(3581,2,3.46154,51.2558,6,312),
	(3582,2,10.3846,51.2558,6,313),
	(3583,2,17.3077,51.2558,6,314),
	(3584,2,24.2308,51.2558,6,315),
	(3585,2,31.1538,51.2558,6,316),
	(3586,2,38.0769,51.2558,6,317),
	(3587,2,45,51.2558,6,318),
	(3588,2,51.9231,51.2558,6,319),
	(3589,2,58.8462,51.2558,6,320),
	(3590,2,65.7692,51.2558,6,321),
	(3591,2,72.6923,51.2558,6,322),
	(3592,2,79.6154,51.2558,6,323),
	(3593,2,86.5385,51.2558,6,324),
	(3594,2,93.4615,51.2558,6,325),
	(3595,2,100.385,51.2558,6,326),
	(3596,2,107.308,51.2558,6,327),
	(3597,2,114.231,51.2558,6,328),
	(3598,2,121.154,51.2558,6,329),
	(3599,2,128.077,51.2558,6,330),
	(3600,2,135,51.2558,6,331),
	(3601,2,141.923,51.2558,6,332),
	(3602,2,148.846,51.2558,6,333),
	(3603,2,155.769,51.2558,6,334),
	(3604,2,162.692,51.2558,6,335),
	(3605,2,169.615,51.2558,6,336),
	(3606,2,176.538,51.2558,6,337),
	(3607,2,183.462,51.2558,6,338),
	(3608,2,190.385,51.2558,6,339),
	(3609,2,197.308,51.2558,6,340),
	(3610,2,204.231,51.2558,6,341),
	(3611,2,211.154,51.2558,6,342),
	(3612,2,218.077,51.2558,6,343),
	(3613,2,225,51.2558,6,344),
	(3614,2,231.923,51.2558,6,345),
	(3615,2,238.846,51.2558,6,346),
	(3616,2,245.769,51.2558,6,347),
	(3617,2,252.692,51.2558,6,348),
	(3618,2,259.615,51.2558,6,349),
	(3619,2,266.538,51.2558,6,350),
	(3620,2,273.462,51.2558,6,351),
	(3621,2,280.385,51.2558,6,352),
	(3622,2,287.308,51.2558,6,353),
	(3623,2,294.231,51.2558,6,354),
	(3624,2,301.154,51.2558,6,355),
	(3625,2,308.077,51.2558,6,356),
	(3626,2,315,51.2558,6,357),
	(3627,2,321.923,51.2558,6,358),
	(3628,2,328.846,51.2558,6,359),
	(3629,2,335.769,51.2558,6,360),
	(3630,2,342.692,51.2558,6,361),
	(3631,2,349.615,51.2558,6,362),
	(3632,2,356.538,51.2558,6,363),
	(3633,2,3.21429,48.1412,6,364),
	(3634,2,9.64286,48.1412,6,365),
	(3635,2,16.0714,48.1412,6,366),
	(3636,2,22.5,48.1412,6,367),
	(3637,2,28.9286,48.1412,6,368),
	(3638,2,35.3571,48.1412,6,369),
	(3639,2,41.7857,48.1412,6,370),
	(3640,2,48.2143,48.1412,6,371),
	(3641,2,54.6429,48.1412,6,372),
	(3642,2,61.0714,48.1412,6,373),
	(3643,2,67.5,48.1412,6,374),
	(3644,2,73.9286,48.1412,6,375),
	(3645,2,80.3571,48.1412,6,376),
	(3646,2,86.7857,48.1412,6,377),
	(3647,2,93.2143,48.1412,6,378),
	(3648,2,99.6429,48.1412,6,379),
	(3649,2,106.071,48.1412,6,380),
	(3650,2,112.5,48.1412,6,381),
	(3651,2,118.929,48.1412,6,382),
	(3652,2,125.357,48.1412,6,383),
	(3653,2,131.786,48.1412,6,384),
	(3654,2,138.214,48.1412,6,385),
	(3655,2,144.643,48.1412,6,386),
	(3656,2,151.071,48.1412,6,387),
	(3657,2,157.5,48.1412,6,388),
	(3658,2,163.929,48.1412,6,389),
	(3659,2,170.357,48.1412,6,390),
	(3660,2,176.786,48.1412,6,391),
	(3661,2,183.214,48.1412,6,392),
	(3662,2,189.643,48.1412,6,393),
	(3663,2,196.071,48.1412,6,394),
	(3664,2,202.5,48.1412,6,395),
	(3665,2,208.929,48.1412,6,396),
	(3666,2,215.357,48.1412,6,397),
	(3667,2,221.786,48.1412,6,398),
	(3668,2,228.214,48.1412,6,399),
	(3669,2,234.643,48.1412,6,400),
	(3670,2,241.071,48.1412,6,401),
	(3671,2,247.5,48.1412,6,402),
	(3672,2,253.929,48.1412,6,403),
	(3673,2,260.357,48.1412,6,404),
	(3674,2,266.786,48.1412,6,405),
	(3675,2,273.214,48.1412,6,406),
	(3676,2,279.643,48.1412,6,407),
	(3677,2,286.071,48.1412,6,408),
	(3678,2,292.5,48.1412,6,409),
	(3679,2,298.929,48.1412,6,410),
	(3680,2,305.357,48.1412,6,411),
	(3681,2,311.786,48.1412,6,412),
	(3682,2,318.214,48.1412,6,413),
	(3683,2,324.643,48.1412,6,414),
	(3684,2,331.071,48.1412,6,415),
	(3685,2,337.5,48.1412,6,416),
	(3686,2,343.929,48.1412,6,417),
	(3687,2,350.357,48.1412,6,418),
	(3688,2,356.786,48.1412,6,419),
	(3689,2,3,44.9939,6,420),
	(3690,2,9,44.9939,6,421),
	(3691,2,15,44.9939,6,422),
	(3692,2,21,44.9939,6,423),
	(3693,2,27,44.9939,6,424),
	(3694,2,33,44.9939,6,425),
	(3695,2,39,44.9939,6,426),
	(3696,2,45,44.9939,6,427),
	(3697,2,51,44.9939,6,428),
	(3698,2,57,44.9939,6,429),
	(3699,2,63,44.9939,6,430),
	(3700,2,69,44.9939,6,431),
	(3701,2,75,44.9939,6,432),
	(3702,2,81,44.9939,6,433),
	(3703,2,87,44.9939,6,434),
	(3704,2,93,44.9939,6,435),
	(3705,2,99,44.9939,6,436),
	(3706,2,105,44.9939,6,437),
	(3707,2,111,44.9939,6,438),
	(3708,2,117,44.9939,6,439),
	(3709,2,123,44.9939,6,440),
	(3710,2,129,44.9939,6,441),
	(3711,2,135,44.9939,6,442),
	(3712,2,141,44.9939,6,443),
	(3713,2,147,44.9939,6,444),
	(3714,2,153,44.9939,6,445),
	(3715,2,159,44.9939,6,446),
	(3716,2,165,44.9939,6,447),
	(3717,2,171,44.9939,6,448),
	(3718,2,177,44.9939,6,449),
	(3719,2,183,44.9939,6,450),
	(3720,2,189,44.9939,6,451),
	(3721,2,195,44.9939,6,452),
	(3722,2,201,44.9939,6,453),
	(3723,2,207,44.9939,6,454),
	(3724,2,213,44.9939,6,455),
	(3725,2,219,44.9939,6,456),
	(3726,2,225,44.9939,6,457),
	(3727,2,231,44.9939,6,458),
	(3728,2,237,44.9939,6,459),
	(3729,2,243,44.9939,6,460),
	(3730,2,249,44.9939,6,461),
	(3731,2,255,44.9939,6,462),
	(3732,2,261,44.9939,6,463),
	(3733,2,267,44.9939,6,464),
	(3734,2,273,44.9939,6,465),
	(3735,2,279,44.9939,6,466),
	(3736,2,285,44.9939,6,467),
	(3737,2,291,44.9939,6,468),
	(3738,2,297,44.9939,6,469),
	(3739,2,303,44.9939,6,470),
	(3740,2,309,44.9939,6,471),
	(3741,2,315,44.9939,6,472),
	(3742,2,321,44.9939,6,473),
	(3743,2,327,44.9939,6,474),
	(3744,2,333,44.9939,6,475),
	(3745,2,339,44.9939,6,476),
	(3746,2,345,44.9939,6,477),
	(3747,2,351,44.9939,6,478),
	(3748,2,357,44.9939,6,479),
	(3749,2,2.8125,41.8103,6,480),
	(3750,2,8.4375,41.8103,6,481),
	(3751,2,14.0625,41.8103,6,482),
	(3752,2,19.6875,41.8103,6,483),
	(3753,2,25.3125,41.8103,6,484),
	(3754,2,30.9375,41.8103,6,485),
	(3755,2,36.5625,41.8103,6,486),
	(3756,2,42.1875,41.8103,6,487),
	(3757,2,47.8125,41.8103,6,488),
	(3758,2,53.4375,41.8103,6,489),
	(3759,2,59.0625,41.8103,6,490),
	(3760,2,64.6875,41.8103,6,491),
	(3761,2,70.3125,41.8103,6,492),
	(3762,2,75.9375,41.8103,6,493),
	(3763,2,81.5625,41.8103,6,494),
	(3764,2,87.1875,41.8103,6,495),
	(3765,2,92.8125,41.8103,6,496),
	(3766,2,98.4375,41.8103,6,497),
	(3767,2,104.062,41.8103,6,498),
	(3768,2,109.688,41.8103,6,499),
	(3769,2,115.312,41.8103,6,500),
	(3770,2,120.938,41.8103,6,501),
	(3771,2,126.562,41.8103,6,502),
	(3772,2,132.188,41.8103,6,503),
	(3773,2,137.812,41.8103,6,504),
	(3774,2,143.438,41.8103,6,505),
	(3775,2,149.062,41.8103,6,506),
	(3776,2,154.688,41.8103,6,507),
	(3777,2,160.312,41.8103,6,508),
	(3778,2,165.938,41.8103,6,509),
	(3779,2,171.562,41.8103,6,510),
	(3780,2,177.188,41.8103,6,511),
	(3781,2,182.812,41.8103,6,512),
	(3782,2,188.438,41.8103,6,513),
	(3783,2,194.062,41.8103,6,514),
	(3784,2,199.688,41.8103,6,515),
	(3785,2,205.312,41.8103,6,516),
	(3786,2,210.938,41.8103,6,517),
	(3787,2,216.562,41.8103,6,518),
	(3788,2,222.188,41.8103,6,519),
	(3789,2,227.812,41.8103,6,520),
	(3790,2,233.438,41.8103,6,521),
	(3791,2,239.062,41.8103,6,522),
	(3792,2,244.688,41.8103,6,523),
	(3793,2,250.312,41.8103,6,524),
	(3794,2,255.938,41.8103,6,525),
	(3795,2,261.562,41.8103,6,526),
	(3796,2,267.188,41.8103,6,527),
	(3797,2,272.812,41.8103,6,528),
	(3798,2,278.438,41.8103,6,529),
	(3799,2,284.062,41.8103,6,530),
	(3800,2,289.688,41.8103,6,531),
	(3801,2,295.312,41.8103,6,532),
	(3802,2,300.938,41.8103,6,533),
	(3803,2,306.562,41.8103,6,534),
	(3804,2,312.188,41.8103,6,535),
	(3805,2,317.812,41.8103,6,536),
	(3806,2,323.438,41.8103,6,537),
	(3807,2,329.062,41.8103,6,538),
	(3808,2,334.688,41.8103,6,539),
	(3809,2,340.312,41.8103,6,540),
	(3810,2,345.938,41.8103,6,541),
	(3811,2,351.562,41.8103,6,542),
	(3812,2,357.188,41.8103,6,543),
	(3813,2,0,38.6822,6,544),
	(3814,2,5.625,38.6822,6,545),
	(3815,2,11.25,38.6822,6,546),
	(3816,2,16.875,38.6822,6,547),
	(3817,2,22.5,38.6822,6,548),
	(3818,2,28.125,38.6822,6,549),
	(3819,2,33.75,38.6822,6,550),
	(3820,2,39.375,38.6822,6,551),
	(3821,2,45,38.6822,6,552),
	(3822,2,50.625,38.6822,6,553),
	(3823,2,56.25,38.6822,6,554),
	(3824,2,61.875,38.6822,6,555),
	(3825,2,67.5,38.6822,6,556),
	(3826,2,73.125,38.6822,6,557),
	(3827,2,78.75,38.6822,6,558),
	(3828,2,84.375,38.6822,6,559),
	(3829,2,90,38.6822,6,560),
	(3830,2,95.625,38.6822,6,561),
	(3831,2,101.25,38.6822,6,562),
	(3832,2,106.875,38.6822,6,563),
	(3833,2,112.5,38.6822,6,564),
	(3834,2,118.125,38.6822,6,565),
	(3835,2,123.75,38.6822,6,566),
	(3836,2,129.375,38.6822,6,567),
	(3837,2,135,38.6822,6,568),
	(3838,2,140.625,38.6822,6,569),
	(3839,2,146.25,38.6822,6,570),
	(3840,2,151.875,38.6822,6,571),
	(3841,2,157.5,38.6822,6,572),
	(3842,2,163.125,38.6822,6,573),
	(3843,2,168.75,38.6822,6,574),
	(3844,2,174.375,38.6822,6,575),
	(3845,2,180,38.6822,6,576),
	(3846,2,185.625,38.6822,6,577),
	(3847,2,191.25,38.6822,6,578),
	(3848,2,196.875,38.6822,6,579),
	(3849,2,202.5,38.6822,6,580),
	(3850,2,208.125,38.6822,6,581),
	(3851,2,213.75,38.6822,6,582),
	(3852,2,219.375,38.6822,6,583),
	(3853,2,225,38.6822,6,584),
	(3854,2,230.625,38.6822,6,585),
	(3855,2,236.25,38.6822,6,586),
	(3856,2,241.875,38.6822,6,587),
	(3857,2,247.5,38.6822,6,588),
	(3858,2,253.125,38.6822,6,589),
	(3859,2,258.75,38.6822,6,590),
	(3860,2,264.375,38.6822,6,591),
	(3861,2,270,38.6822,6,592),
	(3862,2,275.625,38.6822,6,593),
	(3863,2,281.25,38.6822,6,594),
	(3864,2,286.875,38.6822,6,595),
	(3865,2,292.5,38.6822,6,596),
	(3866,2,298.125,38.6822,6,597),
	(3867,2,303.75,38.6822,6,598),
	(3868,2,309.375,38.6822,6,599),
	(3869,2,315,38.6822,6,600),
	(3870,2,320.625,38.6822,6,601),
	(3871,2,326.25,38.6822,6,602),
	(3872,2,331.875,38.6822,6,603),
	(3873,2,337.5,38.6822,6,604),
	(3874,2,343.125,38.6822,6,605),
	(3875,2,348.75,38.6822,6,606),
	(3876,2,354.375,38.6822,6,607),
	(3877,2,2.8125,35.6853,6,608),
	(3878,2,8.4375,35.6853,6,609),
	(3879,2,14.0625,35.6853,6,610),
	(3880,2,19.6875,35.6853,6,611),
	(3881,2,25.3125,35.6853,6,612),
	(3882,2,30.9375,35.6853,6,613),
	(3883,2,36.5625,35.6853,6,614),
	(3884,2,42.1875,35.6853,6,615),
	(3885,2,47.8125,35.6853,6,616),
	(3886,2,53.4375,35.6853,6,617),
	(3887,2,59.0625,35.6853,6,618),
	(3888,2,64.6875,35.6853,6,619),
	(3889,2,70.3125,35.6853,6,620),
	(3890,2,75.9375,35.6853,6,621),
	(3891,2,81.5625,35.6853,6,622),
	(3892,2,87.1875,35.6853,6,623),
	(3893,2,92.8125,35.6853,6,624),
	(3894,2,98.4375,35.6853,6,625),
	(3895,2,104.062,35.6853,6,626),
	(3896,2,109.688,35.6853,6,627),
	(3897,2,115.312,35.6853,6,628),
	(3898,2,120.938,35.6853,6,629),
	(3899,2,126.562,35.6853,6,630),
	(3900,2,132.188,35.6853,6,631),
	(3901,2,137.812,35.6853,6,632),
	(3902,2,143.438,35.6853,6,633),
	(3903,2,149.062,35.6853,6,634),
	(3904,2,154.688,35.6853,6,635),
	(3905,2,160.312,35.6853,6,636),
	(3906,2,165.938,35.6853,6,637),
	(3907,2,171.562,35.6853,6,638),
	(3908,2,177.188,35.6853,6,639),
	(3909,2,182.812,35.6853,6,640),
	(3910,2,188.438,35.6853,6,641),
	(3911,2,194.062,35.6853,6,642),
	(3912,2,199.688,35.6853,6,643),
	(3913,2,205.312,35.6853,6,644),
	(3914,2,210.938,35.6853,6,645),
	(3915,2,216.562,35.6853,6,646),
	(3916,2,222.188,35.6853,6,647),
	(3917,2,227.812,35.6853,6,648),
	(3918,2,233.438,35.6853,6,649),
	(3919,2,239.062,35.6853,6,650),
	(3920,2,244.688,35.6853,6,651),
	(3921,2,250.312,35.6853,6,652),
	(3922,2,255.938,35.6853,6,653),
	(3923,2,261.562,35.6853,6,654),
	(3924,2,267.188,35.6853,6,655),
	(3925,2,272.812,35.6853,6,656),
	(3926,2,278.438,35.6853,6,657),
	(3927,2,284.062,35.6853,6,658),
	(3928,2,289.688,35.6853,6,659),
	(3929,2,295.312,35.6853,6,660),
	(3930,2,300.938,35.6853,6,661),
	(3931,2,306.562,35.6853,6,662),
	(3932,2,312.188,35.6853,6,663),
	(3933,2,317.812,35.6853,6,664),
	(3934,2,323.438,35.6853,6,665),
	(3935,2,329.062,35.6853,6,666),
	(3936,2,334.688,35.6853,6,667),
	(3937,2,340.312,35.6853,6,668),
	(3938,2,345.938,35.6853,6,669),
	(3939,2,351.562,35.6853,6,670),
	(3940,2,357.188,35.6853,6,671),
	(3941,2,0,32.7972,6,672),
	(3942,2,5.625,32.7972,6,673),
	(3943,2,11.25,32.7972,6,674),
	(3944,2,16.875,32.7972,6,675),
	(3945,2,22.5,32.7972,6,676),
	(3946,2,28.125,32.7972,6,677),
	(3947,2,33.75,32.7972,6,678),
	(3948,2,39.375,32.7972,6,679),
	(3949,2,45,32.7972,6,680),
	(3950,2,50.625,32.7972,6,681),
	(3951,2,56.25,32.7972,6,682),
	(3952,2,61.875,32.7972,6,683),
	(3953,2,67.5,32.7972,6,684),
	(3954,2,73.125,32.7972,6,685),
	(3955,2,78.75,32.7972,6,686),
	(3956,2,84.375,32.7972,6,687),
	(3957,2,90,32.7972,6,688),
	(3958,2,95.625,32.7972,6,689),
	(3959,2,101.25,32.7972,6,690),
	(3960,2,106.875,32.7972,6,691),
	(3961,2,112.5,32.7972,6,692),
	(3962,2,118.125,32.7972,6,693),
	(3963,2,123.75,32.7972,6,694),
	(3964,2,129.375,32.7972,6,695),
	(3965,2,135,32.7972,6,696),
	(3966,2,140.625,32.7972,6,697),
	(3967,2,146.25,32.7972,6,698),
	(3968,2,151.875,32.7972,6,699),
	(3969,2,157.5,32.7972,6,700),
	(3970,2,163.125,32.7972,6,701),
	(3971,2,168.75,32.7972,6,702),
	(3972,2,174.375,32.7972,6,703),
	(3973,2,180,32.7972,6,704),
	(3974,2,185.625,32.7972,6,705),
	(3975,2,191.25,32.7972,6,706),
	(3976,2,196.875,32.7972,6,707),
	(3977,2,202.5,32.7972,6,708),
	(3978,2,208.125,32.7972,6,709),
	(3979,2,213.75,32.7972,6,710),
	(3980,2,219.375,32.7972,6,711),
	(3981,2,225,32.7972,6,712),
	(3982,2,230.625,32.7972,6,713),
	(3983,2,236.25,32.7972,6,714),
	(3984,2,241.875,32.7972,6,715),
	(3985,2,247.5,32.7972,6,716),
	(3986,2,253.125,32.7972,6,717),
	(3987,2,258.75,32.7972,6,718),
	(3988,2,264.375,32.7972,6,719),
	(3989,2,270,32.7972,6,720),
	(3990,2,275.625,32.7972,6,721),
	(3991,2,281.25,32.7972,6,722),
	(3992,2,286.875,32.7972,6,723),
	(3993,2,292.5,32.7972,6,724),
	(3994,2,298.125,32.7972,6,725),
	(3995,2,303.75,32.7972,6,726),
	(3996,2,309.375,32.7972,6,727),
	(3997,2,315,32.7972,6,728),
	(3998,2,320.625,32.7972,6,729),
	(3999,2,326.25,32.7972,6,730),
	(4000,2,331.875,32.7972,6,731),
	(4001,2,337.5,32.7972,6,732),
	(4002,2,343.125,32.7972,6,733),
	(4003,2,348.75,32.7972,6,734),
	(4004,2,354.375,32.7972,6,735),
	(4005,2,2.8125,30,6,736),
	(4006,2,8.4375,30,6,737),
	(4007,2,14.0625,30,6,738),
	(4008,2,19.6875,30,6,739),
	(4009,2,25.3125,30,6,740),
	(4010,2,30.9375,30,6,741),
	(4011,2,36.5625,30,6,742),
	(4012,2,42.1875,30,6,743),
	(4013,2,47.8125,30,6,744),
	(4014,2,53.4375,30,6,745),
	(4015,2,59.0625,30,6,746),
	(4016,2,64.6875,30,6,747),
	(4017,2,70.3125,30,6,748),
	(4018,2,75.9375,30,6,749),
	(4019,2,81.5625,30,6,750),
	(4020,2,87.1875,30,6,751),
	(4021,2,92.8125,30,6,752),
	(4022,2,98.4375,30,6,753),
	(4023,2,104.062,30,6,754),
	(4024,2,109.688,30,6,755),
	(4025,2,115.312,30,6,756),
	(4026,2,120.938,30,6,757),
	(4027,2,126.562,30,6,758),
	(4028,2,132.188,30,6,759),
	(4029,2,137.812,30,6,760),
	(4030,2,143.438,30,6,761),
	(4031,2,149.062,30,6,762),
	(4032,2,154.688,30,6,763),
	(4033,2,160.312,30,6,764),
	(4034,2,165.938,30,6,765),
	(4035,2,171.562,30,6,766),
	(4036,2,177.188,30,6,767),
	(4037,2,182.812,30,6,768),
	(4038,2,188.438,30,6,769),
	(4039,2,194.062,30,6,770),
	(4040,2,199.688,30,6,771),
	(4041,2,205.312,30,6,772),
	(4042,2,210.938,30,6,773),
	(4043,2,216.562,30,6,774),
	(4044,2,222.188,30,6,775),
	(4045,2,227.812,30,6,776),
	(4046,2,233.438,30,6,777),
	(4047,2,239.062,30,6,778),
	(4048,2,244.688,30,6,779),
	(4049,2,250.312,30,6,780),
	(4050,2,255.938,30,6,781),
	(4051,2,261.562,30,6,782),
	(4052,2,267.188,30,6,783),
	(4053,2,272.812,30,6,784),
	(4054,2,278.438,30,6,785),
	(4055,2,284.062,30,6,786),
	(4056,2,289.688,30,6,787),
	(4057,2,295.312,30,6,788),
	(4058,2,300.938,30,6,789),
	(4059,2,306.562,30,6,790),
	(4060,2,312.188,30,6,791),
	(4061,2,317.812,30,6,792),
	(4062,2,323.438,30,6,793),
	(4063,2,329.062,30,6,794),
	(4064,2,334.688,30,6,795),
	(4065,2,340.312,30,6,796),
	(4066,2,345.938,30,6,797),
	(4067,2,351.562,30,6,798),
	(4068,2,357.188,30,6,799),
	(4069,2,0,27.2796,6,800),
	(4070,2,5.625,27.2796,6,801),
	(4071,2,11.25,27.2796,6,802),
	(4072,2,16.875,27.2796,6,803),
	(4073,2,22.5,27.2796,6,804),
	(4074,2,28.125,27.2796,6,805),
	(4075,2,33.75,27.2796,6,806),
	(4076,2,39.375,27.2796,6,807),
	(4077,2,45,27.2796,6,808),
	(4078,2,50.625,27.2796,6,809),
	(4079,2,56.25,27.2796,6,810),
	(4080,2,61.875,27.2796,6,811),
	(4081,2,67.5,27.2796,6,812),
	(4082,2,73.125,27.2796,6,813),
	(4083,2,78.75,27.2796,6,814),
	(4084,2,84.375,27.2796,6,815),
	(4085,2,90,27.2796,6,816),
	(4086,2,95.625,27.2796,6,817),
	(4087,2,101.25,27.2796,6,818),
	(4088,2,106.875,27.2796,6,819),
	(4089,2,112.5,27.2796,6,820),
	(4090,2,118.125,27.2796,6,821),
	(4091,2,123.75,27.2796,6,822),
	(4092,2,129.375,27.2796,6,823),
	(4093,2,135,27.2796,6,824),
	(4094,2,140.625,27.2796,6,825),
	(4095,2,146.25,27.2796,6,826),
	(4096,2,151.875,27.2796,6,827),
	(4097,2,157.5,27.2796,6,828),
	(4098,2,163.125,27.2796,6,829),
	(4099,2,168.75,27.2796,6,830),
	(4100,2,174.375,27.2796,6,831),
	(4101,2,180,27.2796,6,832),
	(4102,2,185.625,27.2796,6,833),
	(4103,2,191.25,27.2796,6,834),
	(4104,2,196.875,27.2796,6,835),
	(4105,2,202.5,27.2796,6,836),
	(4106,2,208.125,27.2796,6,837),
	(4107,2,213.75,27.2796,6,838),
	(4108,2,219.375,27.2796,6,839),
	(4109,2,225,27.2796,6,840),
	(4110,2,230.625,27.2796,6,841),
	(4111,2,236.25,27.2796,6,842),
	(4112,2,241.875,27.2796,6,843),
	(4113,2,247.5,27.2796,6,844),
	(4114,2,253.125,27.2796,6,845),
	(4115,2,258.75,27.2796,6,846),
	(4116,2,264.375,27.2796,6,847),
	(4117,2,270,27.2796,6,848),
	(4118,2,275.625,27.2796,6,849),
	(4119,2,281.25,27.2796,6,850),
	(4120,2,286.875,27.2796,6,851),
	(4121,2,292.5,27.2796,6,852),
	(4122,2,298.125,27.2796,6,853),
	(4123,2,303.75,27.2796,6,854),
	(4124,2,309.375,27.2796,6,855),
	(4125,2,315,27.2796,6,856),
	(4126,2,320.625,27.2796,6,857),
	(4127,2,326.25,27.2796,6,858),
	(4128,2,331.875,27.2796,6,859),
	(4129,2,337.5,27.2796,6,860),
	(4130,2,343.125,27.2796,6,861),
	(4131,2,348.75,27.2796,6,862),
	(4132,2,354.375,27.2796,6,863),
	(4133,2,2.8125,24.6243,6,864),
	(4134,2,8.4375,24.6243,6,865),
	(4135,2,14.0625,24.6243,6,866),
	(4136,2,19.6875,24.6243,6,867),
	(4137,2,25.3125,24.6243,6,868),
	(4138,2,30.9375,24.6243,6,869),
	(4139,2,36.5625,24.6243,6,870),
	(4140,2,42.1875,24.6243,6,871),
	(4141,2,47.8125,24.6243,6,872),
	(4142,2,53.4375,24.6243,6,873),
	(4143,2,59.0625,24.6243,6,874),
	(4144,2,64.6875,24.6243,6,875),
	(4145,2,70.3125,24.6243,6,876),
	(4146,2,75.9375,24.6243,6,877),
	(4147,2,81.5625,24.6243,6,878),
	(4148,2,87.1875,24.6243,6,879),
	(4149,2,92.8125,24.6243,6,880),
	(4150,2,98.4375,24.6243,6,881),
	(4151,2,104.062,24.6243,6,882),
	(4152,2,109.688,24.6243,6,883),
	(4153,2,115.312,24.6243,6,884),
	(4154,2,120.938,24.6243,6,885),
	(4155,2,126.562,24.6243,6,886),
	(4156,2,132.188,24.6243,6,887),
	(4157,2,137.812,24.6243,6,888),
	(4158,2,143.438,24.6243,6,889),
	(4159,2,149.062,24.6243,6,890),
	(4160,2,154.688,24.6243,6,891),
	(4161,2,160.312,24.6243,6,892),
	(4162,2,165.938,24.6243,6,893),
	(4163,2,171.562,24.6243,6,894),
	(4164,2,177.188,24.6243,6,895),
	(4165,2,182.812,24.6243,6,896),
	(4166,2,188.438,24.6243,6,897),
	(4167,2,194.062,24.6243,6,898),
	(4168,2,199.688,24.6243,6,899),
	(4169,2,205.312,24.6243,6,900),
	(4170,2,210.938,24.6243,6,901),
	(4171,2,216.562,24.6243,6,902),
	(4172,2,222.188,24.6243,6,903),
	(4173,2,227.812,24.6243,6,904),
	(4174,2,233.438,24.6243,6,905),
	(4175,2,239.062,24.6243,6,906),
	(4176,2,244.688,24.6243,6,907),
	(4177,2,250.312,24.6243,6,908),
	(4178,2,255.938,24.6243,6,909),
	(4179,2,261.562,24.6243,6,910),
	(4180,2,267.188,24.6243,6,911),
	(4181,2,272.812,24.6243,6,912),
	(4182,2,278.438,24.6243,6,913),
	(4183,2,284.062,24.6243,6,914),
	(4184,2,289.688,24.6243,6,915),
	(4185,2,295.312,24.6243,6,916),
	(4186,2,300.938,24.6243,6,917),
	(4187,2,306.562,24.6243,6,918),
	(4188,2,312.188,24.6243,6,919),
	(4189,2,317.812,24.6243,6,920),
	(4190,2,323.438,24.6243,6,921),
	(4191,2,329.062,24.6243,6,922),
	(4192,2,334.688,24.6243,6,923),
	(4193,2,340.312,24.6243,6,924),
	(4194,2,345.938,24.6243,6,925),
	(4195,2,351.562,24.6243,6,926),
	(4196,2,357.188,24.6243,6,927),
	(4197,2,0,22.0243,6,928),
	(4198,2,5.625,22.0243,6,929),
	(4199,2,11.25,22.0243,6,930),
	(4200,2,16.875,22.0243,6,931),
	(4201,2,22.5,22.0243,6,932),
	(4202,2,28.125,22.0243,6,933),
	(4203,2,33.75,22.0243,6,934),
	(4204,2,39.375,22.0243,6,935),
	(4205,2,45,22.0243,6,936),
	(4206,2,50.625,22.0243,6,937),
	(4207,2,56.25,22.0243,6,938),
	(4208,2,61.875,22.0243,6,939),
	(4209,2,67.5,22.0243,6,940),
	(4210,2,73.125,22.0243,6,941),
	(4211,2,78.75,22.0243,6,942),
	(4212,2,84.375,22.0243,6,943),
	(4213,2,90,22.0243,6,944),
	(4214,2,95.625,22.0243,6,945),
	(4215,2,101.25,22.0243,6,946),
	(4216,2,106.875,22.0243,6,947),
	(4217,2,112.5,22.0243,6,948),
	(4218,2,118.125,22.0243,6,949),
	(4219,2,123.75,22.0243,6,950),
	(4220,2,129.375,22.0243,6,951),
	(4221,2,135,22.0243,6,952),
	(4222,2,140.625,22.0243,6,953),
	(4223,2,146.25,22.0243,6,954),
	(4224,2,151.875,22.0243,6,955),
	(4225,2,157.5,22.0243,6,956),
	(4226,2,163.125,22.0243,6,957),
	(4227,2,168.75,22.0243,6,958),
	(4228,2,174.375,22.0243,6,959),
	(4229,2,180,22.0243,6,960),
	(4230,2,185.625,22.0243,6,961),
	(4231,2,191.25,22.0243,6,962),
	(4232,2,196.875,22.0243,6,963),
	(4233,2,202.5,22.0243,6,964),
	(4234,2,208.125,22.0243,6,965),
	(4235,2,213.75,22.0243,6,966),
	(4236,2,219.375,22.0243,6,967),
	(4237,2,225,22.0243,6,968),
	(4238,2,230.625,22.0243,6,969),
	(4239,2,236.25,22.0243,6,970),
	(4240,2,241.875,22.0243,6,971),
	(4241,2,247.5,22.0243,6,972),
	(4242,2,253.125,22.0243,6,973),
	(4243,2,258.75,22.0243,6,974),
	(4244,2,264.375,22.0243,6,975),
	(4245,2,270,22.0243,6,976),
	(4246,2,275.625,22.0243,6,977),
	(4247,2,281.25,22.0243,6,978),
	(4248,2,286.875,22.0243,6,979),
	(4249,2,292.5,22.0243,6,980),
	(4250,2,298.125,22.0243,6,981),
	(4251,2,303.75,22.0243,6,982),
	(4252,2,309.375,22.0243,6,983),
	(4253,2,315,22.0243,6,984),
	(4254,2,320.625,22.0243,6,985),
	(4255,2,326.25,22.0243,6,986),
	(4256,2,331.875,22.0243,6,987),
	(4257,2,337.5,22.0243,6,988),
	(4258,2,343.125,22.0243,6,989),
	(4259,2,348.75,22.0243,6,990),
	(4260,2,354.375,22.0243,6,991),
	(4261,2,2.8125,19.4712,6,992),
	(4262,2,8.4375,19.4712,6,993),
	(4263,2,14.0625,19.4712,6,994),
	(4264,2,19.6875,19.4712,6,995),
	(4265,2,25.3125,19.4712,6,996),
	(4266,2,30.9375,19.4712,6,997),
	(4267,2,36.5625,19.4712,6,998),
	(4268,2,42.1875,19.4712,6,999),
	(4269,2,47.8125,19.4712,6,1000),
	(4270,2,53.4375,19.4712,6,1001),
	(4271,2,59.0625,19.4712,6,1002),
	(4272,2,64.6875,19.4712,6,1003),
	(4273,2,70.3125,19.4712,6,1004),
	(4274,2,75.9375,19.4712,6,1005),
	(4275,2,81.5625,19.4712,6,1006),
	(4276,2,87.1875,19.4712,6,1007),
	(4277,2,92.8125,19.4712,6,1008),
	(4278,2,98.4375,19.4712,6,1009),
	(4279,2,104.062,19.4712,6,1010),
	(4280,2,109.688,19.4712,6,1011),
	(4281,2,115.312,19.4712,6,1012),
	(4282,2,120.938,19.4712,6,1013),
	(4283,2,126.562,19.4712,6,1014),
	(4284,2,132.188,19.4712,6,1015),
	(4285,2,137.812,19.4712,6,1016),
	(4286,2,143.438,19.4712,6,1017),
	(4287,2,149.062,19.4712,6,1018),
	(4288,2,154.688,19.4712,6,1019),
	(4289,2,160.312,19.4712,6,1020),
	(4290,2,165.938,19.4712,6,1021),
	(4291,2,171.562,19.4712,6,1022),
	(4292,2,177.188,19.4712,6,1023),
	(4293,2,182.812,19.4712,6,1024),
	(4294,2,188.438,19.4712,6,1025),
	(4295,2,194.062,19.4712,6,1026),
	(4296,2,199.688,19.4712,6,1027),
	(4297,2,205.312,19.4712,6,1028),
	(4298,2,210.938,19.4712,6,1029),
	(4299,2,216.562,19.4712,6,1030),
	(4300,2,222.188,19.4712,6,1031),
	(4301,2,227.812,19.4712,6,1032),
	(4302,2,233.438,19.4712,6,1033),
	(4303,2,239.062,19.4712,6,1034),
	(4304,2,244.688,19.4712,6,1035),
	(4305,2,250.312,19.4712,6,1036),
	(4306,2,255.938,19.4712,6,1037),
	(4307,2,261.562,19.4712,6,1038),
	(4308,2,267.188,19.4712,6,1039),
	(4309,2,272.812,19.4712,6,1040),
	(4310,2,278.438,19.4712,6,1041),
	(4311,2,284.062,19.4712,6,1042),
	(4312,2,289.688,19.4712,6,1043),
	(4313,2,295.312,19.4712,6,1044),
	(4314,2,300.938,19.4712,6,1045),
	(4315,2,306.562,19.4712,6,1046),
	(4316,2,312.188,19.4712,6,1047),
	(4317,2,317.812,19.4712,6,1048),
	(4318,2,323.438,19.4712,6,1049),
	(4319,2,329.062,19.4712,6,1050),
	(4320,2,334.688,19.4712,6,1051),
	(4321,2,340.312,19.4712,6,1052),
	(4322,2,345.938,19.4712,6,1053),
	(4323,2,351.562,19.4712,6,1054),
	(4324,2,357.188,19.4712,6,1055),
	(4325,2,0,16.9578,6,1056),
	(4326,2,5.625,16.9578,6,1057),
	(4327,2,11.25,16.9578,6,1058),
	(4328,2,16.875,16.9578,6,1059),
	(4329,2,22.5,16.9578,6,1060),
	(4330,2,28.125,16.9578,6,1061),
	(4331,2,33.75,16.9578,6,1062),
	(4332,2,39.375,16.9578,6,1063),
	(4333,2,45,16.9578,6,1064),
	(4334,2,50.625,16.9578,6,1065),
	(4335,2,56.25,16.9578,6,1066),
	(4336,2,61.875,16.9578,6,1067),
	(4337,2,67.5,16.9578,6,1068),
	(4338,2,73.125,16.9578,6,1069),
	(4339,2,78.75,16.9578,6,1070),
	(4340,2,84.375,16.9578,6,1071),
	(4341,2,90,16.9578,6,1072),
	(4342,2,95.625,16.9578,6,1073),
	(4343,2,101.25,16.9578,6,1074),
	(4344,2,106.875,16.9578,6,1075),
	(4345,2,112.5,16.9578,6,1076),
	(4346,2,118.125,16.9578,6,1077),
	(4347,2,123.75,16.9578,6,1078),
	(4348,2,129.375,16.9578,6,1079),
	(4349,2,135,16.9578,6,1080),
	(4350,2,140.625,16.9578,6,1081),
	(4351,2,146.25,16.9578,6,1082),
	(4352,2,151.875,16.9578,6,1083),
	(4353,2,157.5,16.9578,6,1084),
	(4354,2,163.125,16.9578,6,1085),
	(4355,2,168.75,16.9578,6,1086),
	(4356,2,174.375,16.9578,6,1087),
	(4357,2,180,16.9578,6,1088),
	(4358,2,185.625,16.9578,6,1089),
	(4359,2,191.25,16.9578,6,1090),
	(4360,2,196.875,16.9578,6,1091),
	(4361,2,202.5,16.9578,6,1092),
	(4362,2,208.125,16.9578,6,1093),
	(4363,2,213.75,16.9578,6,1094),
	(4364,2,219.375,16.9578,6,1095),
	(4365,2,225,16.9578,6,1096),
	(4366,2,230.625,16.9578,6,1097),
	(4367,2,236.25,16.9578,6,1098),
	(4368,2,241.875,16.9578,6,1099),
	(4369,2,247.5,16.9578,6,1100),
	(4370,2,253.125,16.9578,6,1101),
	(4371,2,258.75,16.9578,6,1102),
	(4372,2,264.375,16.9578,6,1103),
	(4373,2,270,16.9578,6,1104),
	(4374,2,275.625,16.9578,6,1105),
	(4375,2,281.25,16.9578,6,1106),
	(4376,2,286.875,16.9578,6,1107),
	(4377,2,292.5,16.9578,6,1108),
	(4378,2,298.125,16.9578,6,1109),
	(4379,2,303.75,16.9578,6,1110),
	(4380,2,309.375,16.9578,6,1111),
	(4381,2,315,16.9578,6,1112),
	(4382,2,320.625,16.9578,6,1113),
	(4383,2,326.25,16.9578,6,1114),
	(4384,2,331.875,16.9578,6,1115),
	(4385,2,337.5,16.9578,6,1116),
	(4386,2,343.125,16.9578,6,1117),
	(4387,2,348.75,16.9578,6,1118),
	(4388,2,354.375,16.9578,6,1119),
	(4389,2,2.8125,14.4775,6,1120),
	(4390,2,8.4375,14.4775,6,1121),
	(4391,2,14.0625,14.4775,6,1122),
	(4392,2,19.6875,14.4775,6,1123),
	(4393,2,25.3125,14.4775,6,1124),
	(4394,2,30.9375,14.4775,6,1125),
	(4395,2,36.5625,14.4775,6,1126),
	(4396,2,42.1875,14.4775,6,1127),
	(4397,2,47.8125,14.4775,6,1128),
	(4398,2,53.4375,14.4775,6,1129),
	(4399,2,59.0625,14.4775,6,1130),
	(4400,2,64.6875,14.4775,6,1131),
	(4401,2,70.3125,14.4775,6,1132),
	(4402,2,75.9375,14.4775,6,1133),
	(4403,2,81.5625,14.4775,6,1134),
	(4404,2,87.1875,14.4775,6,1135),
	(4405,2,92.8125,14.4775,6,1136),
	(4406,2,98.4375,14.4775,6,1137),
	(4407,2,104.062,14.4775,6,1138),
	(4408,2,109.688,14.4775,6,1139),
	(4409,2,115.312,14.4775,6,1140),
	(4410,2,120.938,14.4775,6,1141),
	(4411,2,126.562,14.4775,6,1142),
	(4412,2,132.188,14.4775,6,1143),
	(4413,2,137.812,14.4775,6,1144),
	(4414,2,143.438,14.4775,6,1145),
	(4415,2,149.062,14.4775,6,1146),
	(4416,2,154.688,14.4775,6,1147),
	(4417,2,160.312,14.4775,6,1148),
	(4418,2,165.938,14.4775,6,1149),
	(4419,2,171.562,14.4775,6,1150),
	(4420,2,177.188,14.4775,6,1151),
	(4421,2,182.812,14.4775,6,1152),
	(4422,2,188.438,14.4775,6,1153),
	(4423,2,194.062,14.4775,6,1154),
	(4424,2,199.688,14.4775,6,1155),
	(4425,2,205.312,14.4775,6,1156),
	(4426,2,210.938,14.4775,6,1157),
	(4427,2,216.562,14.4775,6,1158),
	(4428,2,222.188,14.4775,6,1159),
	(4429,2,227.812,14.4775,6,1160),
	(4430,2,233.438,14.4775,6,1161),
	(4431,2,239.062,14.4775,6,1162),
	(4432,2,244.688,14.4775,6,1163),
	(4433,2,250.312,14.4775,6,1164),
	(4434,2,255.938,14.4775,6,1165),
	(4435,2,261.562,14.4775,6,1166),
	(4436,2,267.188,14.4775,6,1167),
	(4437,2,272.812,14.4775,6,1168),
	(4438,2,278.438,14.4775,6,1169),
	(4439,2,284.062,14.4775,6,1170),
	(4440,2,289.688,14.4775,6,1171),
	(4441,2,295.312,14.4775,6,1172),
	(4442,2,300.938,14.4775,6,1173),
	(4443,2,306.562,14.4775,6,1174),
	(4444,2,312.188,14.4775,6,1175),
	(4445,2,317.812,14.4775,6,1176),
	(4446,2,323.438,14.4775,6,1177),
	(4447,2,329.062,14.4775,6,1178),
	(4448,2,334.688,14.4775,6,1179),
	(4449,2,340.312,14.4775,6,1180),
	(4450,2,345.938,14.4775,6,1181),
	(4451,2,351.562,14.4775,6,1182),
	(4452,2,357.188,14.4775,6,1183),
	(4453,2,0,12.0247,6,1184),
	(4454,2,5.625,12.0247,6,1185),
	(4455,2,11.25,12.0247,6,1186),
	(4456,2,16.875,12.0247,6,1187),
	(4457,2,22.5,12.0247,6,1188),
	(4458,2,28.125,12.0247,6,1189),
	(4459,2,33.75,12.0247,6,1190),
	(4460,2,39.375,12.0247,6,1191),
	(4461,2,45,12.0247,6,1192),
	(4462,2,50.625,12.0247,6,1193),
	(4463,2,56.25,12.0247,6,1194),
	(4464,2,61.875,12.0247,6,1195),
	(4465,2,67.5,12.0247,6,1196),
	(4466,2,73.125,12.0247,6,1197),
	(4467,2,78.75,12.0247,6,1198),
	(4468,2,84.375,12.0247,6,1199),
	(4469,2,90,12.0247,6,1200),
	(4470,2,95.625,12.0247,6,1201),
	(4471,2,101.25,12.0247,6,1202),
	(4472,2,106.875,12.0247,6,1203),
	(4473,2,112.5,12.0247,6,1204),
	(4474,2,118.125,12.0247,6,1205),
	(4475,2,123.75,12.0247,6,1206),
	(4476,2,129.375,12.0247,6,1207),
	(4477,2,135,12.0247,6,1208),
	(4478,2,140.625,12.0247,6,1209),
	(4479,2,146.25,12.0247,6,1210),
	(4480,2,151.875,12.0247,6,1211),
	(4481,2,157.5,12.0247,6,1212),
	(4482,2,163.125,12.0247,6,1213),
	(4483,2,168.75,12.0247,6,1214),
	(4484,2,174.375,12.0247,6,1215),
	(4485,2,180,12.0247,6,1216),
	(4486,2,185.625,12.0247,6,1217),
	(4487,2,191.25,12.0247,6,1218),
	(4488,2,196.875,12.0247,6,1219),
	(4489,2,202.5,12.0247,6,1220),
	(4490,2,208.125,12.0247,6,1221),
	(4491,2,213.75,12.0247,6,1222),
	(4492,2,219.375,12.0247,6,1223),
	(4493,2,225,12.0247,6,1224),
	(4494,2,230.625,12.0247,6,1225),
	(4495,2,236.25,12.0247,6,1226),
	(4496,2,241.875,12.0247,6,1227),
	(4497,2,247.5,12.0247,6,1228),
	(4498,2,253.125,12.0247,6,1229),
	(4499,2,258.75,12.0247,6,1230),
	(4500,2,264.375,12.0247,6,1231),
	(4501,2,270,12.0247,6,1232),
	(4502,2,275.625,12.0247,6,1233),
	(4503,2,281.25,12.0247,6,1234),
	(4504,2,286.875,12.0247,6,1235),
	(4505,2,292.5,12.0247,6,1236),
	(4506,2,298.125,12.0247,6,1237),
	(4507,2,303.75,12.0247,6,1238),
	(4508,2,309.375,12.0247,6,1239),
	(4509,2,315,12.0247,6,1240),
	(4510,2,320.625,12.0247,6,1241),
	(4511,2,326.25,12.0247,6,1242),
	(4512,2,331.875,12.0247,6,1243),
	(4513,2,337.5,12.0247,6,1244),
	(4514,2,343.125,12.0247,6,1245),
	(4515,2,348.75,12.0247,6,1246),
	(4516,2,354.375,12.0247,6,1247),
	(4517,2,2.8125,9.59407,6,1248),
	(4518,2,8.4375,9.59407,6,1249),
	(4519,2,14.0625,9.59407,6,1250),
	(4520,2,19.6875,9.59407,6,1251),
	(4521,2,25.3125,9.59407,6,1252),
	(4522,2,30.9375,9.59407,6,1253),
	(4523,2,36.5625,9.59407,6,1254),
	(4524,2,42.1875,9.59407,6,1255),
	(4525,2,47.8125,9.59407,6,1256),
	(4526,2,53.4375,9.59407,6,1257),
	(4527,2,59.0625,9.59407,6,1258),
	(4528,2,64.6875,9.59407,6,1259),
	(4529,2,70.3125,9.59407,6,1260),
	(4530,2,75.9375,9.59407,6,1261),
	(4531,2,81.5625,9.59407,6,1262),
	(4532,2,87.1875,9.59407,6,1263),
	(4533,2,92.8125,9.59407,6,1264),
	(4534,2,98.4375,9.59407,6,1265),
	(4535,2,104.062,9.59407,6,1266),
	(4536,2,109.688,9.59407,6,1267),
	(4537,2,115.312,9.59407,6,1268),
	(4538,2,120.938,9.59407,6,1269),
	(4539,2,126.562,9.59407,6,1270),
	(4540,2,132.188,9.59407,6,1271),
	(4541,2,137.812,9.59407,6,1272),
	(4542,2,143.438,9.59407,6,1273),
	(4543,2,149.062,9.59407,6,1274),
	(4544,2,154.688,9.59407,6,1275),
	(4545,2,160.312,9.59407,6,1276),
	(4546,2,165.938,9.59407,6,1277),
	(4547,2,171.562,9.59407,6,1278),
	(4548,2,177.188,9.59407,6,1279),
	(4549,2,182.812,9.59407,6,1280),
	(4550,2,188.438,9.59407,6,1281),
	(4551,2,194.062,9.59407,6,1282),
	(4552,2,199.688,9.59407,6,1283),
	(4553,2,205.312,9.59407,6,1284),
	(4554,2,210.938,9.59407,6,1285),
	(4555,2,216.562,9.59407,6,1286),
	(4556,2,222.188,9.59407,6,1287),
	(4557,2,227.812,9.59407,6,1288),
	(4558,2,233.438,9.59407,6,1289),
	(4559,2,239.062,9.59407,6,1290),
	(4560,2,244.688,9.59407,6,1291),
	(4561,2,250.312,9.59407,6,1292),
	(4562,2,255.938,9.59407,6,1293),
	(4563,2,261.562,9.59407,6,1294),
	(4564,2,267.188,9.59407,6,1295),
	(4565,2,272.812,9.59407,6,1296),
	(4566,2,278.438,9.59407,6,1297),
	(4567,2,284.062,9.59407,6,1298),
	(4568,2,289.688,9.59407,6,1299),
	(4569,2,295.312,9.59407,6,1300),
	(4570,2,300.938,9.59407,6,1301),
	(4571,2,306.562,9.59407,6,1302),
	(4572,2,312.188,9.59407,6,1303),
	(4573,2,317.812,9.59407,6,1304),
	(4574,2,323.438,9.59407,6,1305),
	(4575,2,329.062,9.59407,6,1306),
	(4576,2,334.688,9.59407,6,1307),
	(4577,2,340.312,9.59407,6,1308),
	(4578,2,345.938,9.59407,6,1309),
	(4579,2,351.562,9.59407,6,1310),
	(4580,2,357.188,9.59407,6,1311),
	(4581,2,0,7.18076,6,1312),
	(4582,2,5.625,7.18076,6,1313),
	(4583,2,11.25,7.18076,6,1314),
	(4584,2,16.875,7.18076,6,1315),
	(4585,2,22.5,7.18076,6,1316),
	(4586,2,28.125,7.18076,6,1317),
	(4587,2,33.75,7.18076,6,1318),
	(4588,2,39.375,7.18076,6,1319),
	(4589,2,45,7.18076,6,1320),
	(4590,2,50.625,7.18076,6,1321),
	(4591,2,56.25,7.18076,6,1322),
	(4592,2,61.875,7.18076,6,1323),
	(4593,2,67.5,7.18076,6,1324),
	(4594,2,73.125,7.18076,6,1325),
	(4595,2,78.75,7.18076,6,1326),
	(4596,2,84.375,7.18076,6,1327),
	(4597,2,90,7.18076,6,1328),
	(4598,2,95.625,7.18076,6,1329),
	(4599,2,101.25,7.18076,6,1330),
	(4600,2,106.875,7.18076,6,1331),
	(4601,2,112.5,7.18076,6,1332),
	(4602,2,118.125,7.18076,6,1333),
	(4603,2,123.75,7.18076,6,1334),
	(4604,2,129.375,7.18076,6,1335),
	(4605,2,135,7.18076,6,1336),
	(4606,2,140.625,7.18076,6,1337),
	(4607,2,146.25,7.18076,6,1338),
	(4608,2,151.875,7.18076,6,1339),
	(4609,2,157.5,7.18076,6,1340),
	(4610,2,163.125,7.18076,6,1341),
	(4611,2,168.75,7.18076,6,1342),
	(4612,2,174.375,7.18076,6,1343),
	(4613,2,180,7.18076,6,1344),
	(4614,2,185.625,7.18076,6,1345),
	(4615,2,191.25,7.18076,6,1346),
	(4616,2,196.875,7.18076,6,1347),
	(4617,2,202.5,7.18076,6,1348),
	(4618,2,208.125,7.18076,6,1349),
	(4619,2,213.75,7.18076,6,1350),
	(4620,2,219.375,7.18076,6,1351),
	(4621,2,225,7.18076,6,1352),
	(4622,2,230.625,7.18076,6,1353),
	(4623,2,236.25,7.18076,6,1354),
	(4624,2,241.875,7.18076,6,1355),
	(4625,2,247.5,7.18076,6,1356),
	(4626,2,253.125,7.18076,6,1357),
	(4627,2,258.75,7.18076,6,1358),
	(4628,2,264.375,7.18076,6,1359),
	(4629,2,270,7.18076,6,1360),
	(4630,2,275.625,7.18076,6,1361),
	(4631,2,281.25,7.18076,6,1362),
	(4632,2,286.875,7.18076,6,1363),
	(4633,2,292.5,7.18076,6,1364),
	(4634,2,298.125,7.18076,6,1365),
	(4635,2,303.75,7.18076,6,1366),
	(4636,2,309.375,7.18076,6,1367),
	(4637,2,315,7.18076,6,1368),
	(4638,2,320.625,7.18076,6,1369),
	(4639,2,326.25,7.18076,6,1370),
	(4640,2,331.875,7.18076,6,1371),
	(4641,2,337.5,7.18076,6,1372),
	(4642,2,343.125,7.18076,6,1373),
	(4643,2,348.75,7.18076,6,1374),
	(4644,2,354.375,7.18076,6,1375),
	(4645,2,2.8125,4.78019,6,1376),
	(4646,2,8.4375,4.78019,6,1377),
	(4647,2,14.0625,4.78019,6,1378),
	(4648,2,19.6875,4.78019,6,1379),
	(4649,2,25.3125,4.78019,6,1380),
	(4650,2,30.9375,4.78019,6,1381),
	(4651,2,36.5625,4.78019,6,1382),
	(4652,2,42.1875,4.78019,6,1383),
	(4653,2,47.8125,4.78019,6,1384),
	(4654,2,53.4375,4.78019,6,1385),
	(4655,2,59.0625,4.78019,6,1386),
	(4656,2,64.6875,4.78019,6,1387),
	(4657,2,70.3125,4.78019,6,1388),
	(4658,2,75.9375,4.78019,6,1389),
	(4659,2,81.5625,4.78019,6,1390),
	(4660,2,87.1875,4.78019,6,1391),
	(4661,2,92.8125,4.78019,6,1392),
	(4662,2,98.4375,4.78019,6,1393),
	(4663,2,104.062,4.78019,6,1394),
	(4664,2,109.688,4.78019,6,1395),
	(4665,2,115.312,4.78019,6,1396),
	(4666,2,120.938,4.78019,6,1397),
	(4667,2,126.562,4.78019,6,1398),
	(4668,2,132.188,4.78019,6,1399),
	(4669,2,137.812,4.78019,6,1400),
	(4670,2,143.438,4.78019,6,1401),
	(4671,2,149.062,4.78019,6,1402),
	(4672,2,154.688,4.78019,6,1403),
	(4673,2,160.312,4.78019,6,1404),
	(4674,2,165.938,4.78019,6,1405),
	(4675,2,171.562,4.78019,6,1406),
	(4676,2,177.188,4.78019,6,1407),
	(4677,2,182.812,4.78019,6,1408),
	(4678,2,188.438,4.78019,6,1409),
	(4679,2,194.062,4.78019,6,1410),
	(4680,2,199.688,4.78019,6,1411),
	(4681,2,205.312,4.78019,6,1412),
	(4682,2,210.938,4.78019,6,1413),
	(4683,2,216.562,4.78019,6,1414),
	(4684,2,222.188,4.78019,6,1415),
	(4685,2,227.812,4.78019,6,1416),
	(4686,2,233.438,4.78019,6,1417),
	(4687,2,239.062,4.78019,6,1418),
	(4688,2,244.688,4.78019,6,1419),
	(4689,2,250.312,4.78019,6,1420),
	(4690,2,255.938,4.78019,6,1421),
	(4691,2,261.562,4.78019,6,1422),
	(4692,2,267.188,4.78019,6,1423),
	(4693,2,272.812,4.78019,6,1424),
	(4694,2,278.438,4.78019,6,1425),
	(4695,2,284.062,4.78019,6,1426),
	(4696,2,289.688,4.78019,6,1427),
	(4697,2,295.312,4.78019,6,1428),
	(4698,2,300.938,4.78019,6,1429),
	(4699,2,306.562,4.78019,6,1430),
	(4700,2,312.188,4.78019,6,1431),
	(4701,2,317.812,4.78019,6,1432),
	(4702,2,323.438,4.78019,6,1433),
	(4703,2,329.062,4.78019,6,1434),
	(4704,2,334.688,4.78019,6,1435),
	(4705,2,340.312,4.78019,6,1436),
	(4706,2,345.938,4.78019,6,1437),
	(4707,2,351.562,4.78019,6,1438),
	(4708,2,357.188,4.78019,6,1439),
	(4709,2,0,2.38802,6,1440),
	(4710,2,5.625,2.38802,6,1441),
	(4711,2,11.25,2.38802,6,1442),
	(4712,2,16.875,2.38802,6,1443),
	(4713,2,22.5,2.38802,6,1444),
	(4714,2,28.125,2.38802,6,1445),
	(4715,2,33.75,2.38802,6,1446),
	(4716,2,39.375,2.38802,6,1447),
	(4717,2,45,2.38802,6,1448),
	(4718,2,50.625,2.38802,6,1449),
	(4719,2,56.25,2.38802,6,1450),
	(4720,2,61.875,2.38802,6,1451),
	(4721,2,67.5,2.38802,6,1452),
	(4722,2,73.125,2.38802,6,1453),
	(4723,2,78.75,2.38802,6,1454),
	(4724,2,84.375,2.38802,6,1455),
	(4725,2,90,2.38802,6,1456),
	(4726,2,95.625,2.38802,6,1457),
	(4727,2,101.25,2.38802,6,1458),
	(4728,2,106.875,2.38802,6,1459),
	(4729,2,112.5,2.38802,6,1460),
	(4730,2,118.125,2.38802,6,1461),
	(4731,2,123.75,2.38802,6,1462),
	(4732,2,129.375,2.38802,6,1463),
	(4733,2,135,2.38802,6,1464),
	(4734,2,140.625,2.38802,6,1465),
	(4735,2,146.25,2.38802,6,1466),
	(4736,2,151.875,2.38802,6,1467),
	(4737,2,157.5,2.38802,6,1468),
	(4738,2,163.125,2.38802,6,1469),
	(4739,2,168.75,2.38802,6,1470),
	(4740,2,174.375,2.38802,6,1471),
	(4741,2,180,2.38802,6,1472),
	(4742,2,185.625,2.38802,6,1473),
	(4743,2,191.25,2.38802,6,1474),
	(4744,2,196.875,2.38802,6,1475),
	(4745,2,202.5,2.38802,6,1476),
	(4746,2,208.125,2.38802,6,1477),
	(4747,2,213.75,2.38802,6,1478),
	(4748,2,219.375,2.38802,6,1479),
	(4749,2,225,2.38802,6,1480),
	(4750,2,230.625,2.38802,6,1481),
	(4751,2,236.25,2.38802,6,1482),
	(4752,2,241.875,2.38802,6,1483),
	(4753,2,247.5,2.38802,6,1484),
	(4754,2,253.125,2.38802,6,1485),
	(4755,2,258.75,2.38802,6,1486),
	(4756,2,264.375,2.38802,6,1487),
	(4757,2,270,2.38802,6,1488),
	(4758,2,275.625,2.38802,6,1489),
	(4759,2,281.25,2.38802,6,1490),
	(4760,2,286.875,2.38802,6,1491),
	(4761,2,292.5,2.38802,6,1492),
	(4762,2,298.125,2.38802,6,1493),
	(4763,2,303.75,2.38802,6,1494),
	(4764,2,309.375,2.38802,6,1495),
	(4765,2,315,2.38802,6,1496),
	(4766,2,320.625,2.38802,6,1497),
	(4767,2,326.25,2.38802,6,1498),
	(4768,2,331.875,2.38802,6,1499),
	(4769,2,337.5,2.38802,6,1500),
	(4770,2,343.125,2.38802,6,1501),
	(4771,2,348.75,2.38802,6,1502),
	(4772,2,354.375,2.38802,6,1503),
	(4773,2,2.8125,0,6,1504),
	(4774,2,8.4375,0,6,1505),
	(4775,2,14.0625,0,6,1506),
	(4776,2,19.6875,0,6,1507),
	(4777,2,25.3125,0,6,1508),
	(4778,2,30.9375,0,6,1509),
	(4779,2,36.5625,0,6,1510),
	(4780,2,42.1875,0,6,1511),
	(4781,2,47.8125,0,6,1512),
	(4782,2,53.4375,0,6,1513),
	(4783,2,59.0625,0,6,1514),
	(4784,2,64.6875,0,6,1515),
	(4785,2,70.3125,0,6,1516),
	(4786,2,75.9375,0,6,1517),
	(4787,2,81.5625,0,6,1518),
	(4788,2,87.1875,0,6,1519),
	(4789,2,92.8125,0,6,1520),
	(4790,2,98.4375,0,6,1521),
	(4791,2,104.062,0,6,1522),
	(4792,2,109.688,0,6,1523),
	(4793,2,115.312,0,6,1524),
	(4794,2,120.938,0,6,1525),
	(4795,2,126.562,0,6,1526),
	(4796,2,132.188,0,6,1527),
	(4797,2,137.812,0,6,1528),
	(4798,2,143.438,0,6,1529),
	(4799,2,149.062,0,6,1530),
	(4800,2,154.688,0,6,1531),
	(4801,2,160.312,0,6,1532),
	(4802,2,165.938,0,6,1533),
	(4803,2,171.562,0,6,1534),
	(4804,2,177.188,0,6,1535),
	(4805,2,182.812,0,6,1536),
	(4806,2,188.438,0,6,1537),
	(4807,2,194.062,0,6,1538),
	(4808,2,199.688,0,6,1539),
	(4809,2,205.312,0,6,1540),
	(4810,2,210.938,0,6,1541),
	(4811,2,216.562,0,6,1542),
	(4812,2,222.188,0,6,1543),
	(4813,2,227.812,0,6,1544),
	(4814,2,233.438,0,6,1545),
	(4815,2,239.062,0,6,1546),
	(4816,2,244.688,0,6,1547),
	(4817,2,250.312,0,6,1548),
	(4818,2,255.938,0,6,1549),
	(4819,2,261.562,0,6,1550),
	(4820,2,267.188,0,6,1551),
	(4821,2,272.812,0,6,1552),
	(4822,2,278.438,0,6,1553),
	(4823,2,284.062,0,6,1554),
	(4824,2,289.688,0,6,1555),
	(4825,2,295.312,0,6,1556),
	(4826,2,300.938,0,6,1557),
	(4827,2,306.562,0,6,1558),
	(4828,2,312.188,0,6,1559),
	(4829,2,317.812,0,6,1560),
	(4830,2,323.438,0,6,1561),
	(4831,2,329.062,0,6,1562),
	(4832,2,334.688,0,6,1563),
	(4833,2,340.312,0,6,1564),
	(4834,2,345.938,0,6,1565),
	(4835,2,351.562,0,6,1566),
	(4836,2,357.188,0,6,1567),
	(4837,2,0,-2.38802,6,1568),
	(4838,2,5.625,-2.38802,6,1569),
	(4839,2,11.25,-2.38802,6,1570),
	(4840,2,16.875,-2.38802,6,1571),
	(4841,2,22.5,-2.38802,6,1572),
	(4842,2,28.125,-2.38802,6,1573),
	(4843,2,33.75,-2.38802,6,1574),
	(4844,2,39.375,-2.38802,6,1575),
	(4845,2,45,-2.38802,6,1576),
	(4846,2,50.625,-2.38802,6,1577),
	(4847,2,56.25,-2.38802,6,1578),
	(4848,2,61.875,-2.38802,6,1579),
	(4849,2,67.5,-2.38802,6,1580),
	(4850,2,73.125,-2.38802,6,1581),
	(4851,2,78.75,-2.38802,6,1582),
	(4852,2,84.375,-2.38802,6,1583),
	(4853,2,90,-2.38802,6,1584),
	(4854,2,95.625,-2.38802,6,1585),
	(4855,2,101.25,-2.38802,6,1586),
	(4856,2,106.875,-2.38802,6,1587),
	(4857,2,112.5,-2.38802,6,1588),
	(4858,2,118.125,-2.38802,6,1589),
	(4859,2,123.75,-2.38802,6,1590),
	(4860,2,129.375,-2.38802,6,1591),
	(4861,2,135,-2.38802,6,1592),
	(4862,2,140.625,-2.38802,6,1593),
	(4863,2,146.25,-2.38802,6,1594),
	(4864,2,151.875,-2.38802,6,1595),
	(4865,2,157.5,-2.38802,6,1596),
	(4866,2,163.125,-2.38802,6,1597),
	(4867,2,168.75,-2.38802,6,1598),
	(4868,2,174.375,-2.38802,6,1599),
	(4869,2,180,-2.38802,6,1600),
	(4870,2,185.625,-2.38802,6,1601),
	(4871,2,191.25,-2.38802,6,1602),
	(4872,2,196.875,-2.38802,6,1603),
	(4873,2,202.5,-2.38802,6,1604),
	(4874,2,208.125,-2.38802,6,1605),
	(4875,2,213.75,-2.38802,6,1606),
	(4876,2,219.375,-2.38802,6,1607),
	(4877,2,225,-2.38802,6,1608),
	(4878,2,230.625,-2.38802,6,1609),
	(4879,2,236.25,-2.38802,6,1610),
	(4880,2,241.875,-2.38802,6,1611),
	(4881,2,247.5,-2.38802,6,1612),
	(4882,2,253.125,-2.38802,6,1613),
	(4883,2,258.75,-2.38802,6,1614),
	(4884,2,264.375,-2.38802,6,1615),
	(4885,2,270,-2.38802,6,1616),
	(4886,2,275.625,-2.38802,6,1617),
	(4887,2,281.25,-2.38802,6,1618),
	(4888,2,286.875,-2.38802,6,1619),
	(4889,2,292.5,-2.38802,6,1620),
	(4890,2,298.125,-2.38802,6,1621),
	(4891,2,303.75,-2.38802,6,1622),
	(4892,2,309.375,-2.38802,6,1623),
	(4893,2,315,-2.38802,6,1624),
	(4894,2,320.625,-2.38802,6,1625),
	(4895,2,326.25,-2.38802,6,1626),
	(4896,2,331.875,-2.38802,6,1627),
	(4897,2,337.5,-2.38802,6,1628),
	(4898,2,343.125,-2.38802,6,1629),
	(4899,2,348.75,-2.38802,6,1630),
	(4900,2,354.375,-2.38802,6,1631),
	(4901,2,2.8125,-4.78019,6,1632),
	(4902,2,8.4375,-4.78019,6,1633),
	(4903,2,14.0625,-4.78019,6,1634),
	(4904,2,19.6875,-4.78019,6,1635),
	(4905,2,25.3125,-4.78019,6,1636),
	(4906,2,30.9375,-4.78019,6,1637),
	(4907,2,36.5625,-4.78019,6,1638),
	(4908,2,42.1875,-4.78019,6,1639),
	(4909,2,47.8125,-4.78019,6,1640),
	(4910,2,53.4375,-4.78019,6,1641),
	(4911,2,59.0625,-4.78019,6,1642),
	(4912,2,64.6875,-4.78019,6,1643),
	(4913,2,70.3125,-4.78019,6,1644),
	(4914,2,75.9375,-4.78019,6,1645),
	(4915,2,81.5625,-4.78019,6,1646),
	(4916,2,87.1875,-4.78019,6,1647),
	(4917,2,92.8125,-4.78019,6,1648),
	(4918,2,98.4375,-4.78019,6,1649),
	(4919,2,104.062,-4.78019,6,1650),
	(4920,2,109.688,-4.78019,6,1651),
	(4921,2,115.312,-4.78019,6,1652),
	(4922,2,120.938,-4.78019,6,1653),
	(4923,2,126.562,-4.78019,6,1654),
	(4924,2,132.188,-4.78019,6,1655),
	(4925,2,137.812,-4.78019,6,1656),
	(4926,2,143.438,-4.78019,6,1657),
	(4927,2,149.062,-4.78019,6,1658),
	(4928,2,154.688,-4.78019,6,1659),
	(4929,2,160.312,-4.78019,6,1660),
	(4930,2,165.938,-4.78019,6,1661),
	(4931,2,171.562,-4.78019,6,1662),
	(4932,2,177.188,-4.78019,6,1663),
	(4933,2,182.812,-4.78019,6,1664),
	(4934,2,188.438,-4.78019,6,1665),
	(4935,2,194.062,-4.78019,6,1666),
	(4936,2,199.688,-4.78019,6,1667),
	(4937,2,205.312,-4.78019,6,1668),
	(4938,2,210.938,-4.78019,6,1669),
	(4939,2,216.562,-4.78019,6,1670),
	(4940,2,222.188,-4.78019,6,1671),
	(4941,2,227.812,-4.78019,6,1672),
	(4942,2,233.438,-4.78019,6,1673),
	(4943,2,239.062,-4.78019,6,1674),
	(4944,2,244.688,-4.78019,6,1675),
	(4945,2,250.312,-4.78019,6,1676),
	(4946,2,255.938,-4.78019,6,1677),
	(4947,2,261.562,-4.78019,6,1678),
	(4948,2,267.188,-4.78019,6,1679),
	(4949,2,272.812,-4.78019,6,1680),
	(4950,2,278.438,-4.78019,6,1681),
	(4951,2,284.062,-4.78019,6,1682),
	(4952,2,289.688,-4.78019,6,1683),
	(4953,2,295.312,-4.78019,6,1684),
	(4954,2,300.938,-4.78019,6,1685),
	(4955,2,306.562,-4.78019,6,1686),
	(4956,2,312.188,-4.78019,6,1687),
	(4957,2,317.812,-4.78019,6,1688),
	(4958,2,323.438,-4.78019,6,1689),
	(4959,2,329.062,-4.78019,6,1690),
	(4960,2,334.688,-4.78019,6,1691),
	(4961,2,340.312,-4.78019,6,1692),
	(4962,2,345.938,-4.78019,6,1693),
	(4963,2,351.562,-4.78019,6,1694),
	(4964,2,357.188,-4.78019,6,1695),
	(4965,2,0,-7.18076,6,1696),
	(4966,2,5.625,-7.18076,6,1697),
	(4967,2,11.25,-7.18076,6,1698),
	(4968,2,16.875,-7.18076,6,1699),
	(4969,2,22.5,-7.18076,6,1700),
	(4970,2,28.125,-7.18076,6,1701),
	(4971,2,33.75,-7.18076,6,1702),
	(4972,2,39.375,-7.18076,6,1703),
	(4973,2,45,-7.18076,6,1704),
	(4974,2,50.625,-7.18076,6,1705),
	(4975,2,56.25,-7.18076,6,1706),
	(4976,2,61.875,-7.18076,6,1707),
	(4977,2,67.5,-7.18076,6,1708),
	(4978,2,73.125,-7.18076,6,1709),
	(4979,2,78.75,-7.18076,6,1710),
	(4980,2,84.375,-7.18076,6,1711),
	(4981,2,90,-7.18076,6,1712),
	(4982,2,95.625,-7.18076,6,1713),
	(4983,2,101.25,-7.18076,6,1714),
	(4984,2,106.875,-7.18076,6,1715),
	(4985,2,112.5,-7.18076,6,1716),
	(4986,2,118.125,-7.18076,6,1717),
	(4987,2,123.75,-7.18076,6,1718),
	(4988,2,129.375,-7.18076,6,1719),
	(4989,2,135,-7.18076,6,1720),
	(4990,2,140.625,-7.18076,6,1721),
	(4991,2,146.25,-7.18076,6,1722),
	(4992,2,151.875,-7.18076,6,1723),
	(4993,2,157.5,-7.18076,6,1724),
	(4994,2,163.125,-7.18076,6,1725),
	(4995,2,168.75,-7.18076,6,1726),
	(4996,2,174.375,-7.18076,6,1727),
	(4997,2,180,-7.18076,6,1728),
	(4998,2,185.625,-7.18076,6,1729),
	(4999,2,191.25,-7.18076,6,1730),
	(5000,2,196.875,-7.18076,6,1731),
	(5001,2,202.5,-7.18076,6,1732),
	(5002,2,208.125,-7.18076,6,1733),
	(5003,2,213.75,-7.18076,6,1734),
	(5004,2,219.375,-7.18076,6,1735),
	(5005,2,225,-7.18076,6,1736),
	(5006,2,230.625,-7.18076,6,1737),
	(5007,2,236.25,-7.18076,6,1738),
	(5008,2,241.875,-7.18076,6,1739),
	(5009,2,247.5,-7.18076,6,1740),
	(5010,2,253.125,-7.18076,6,1741),
	(5011,2,258.75,-7.18076,6,1742),
	(5012,2,264.375,-7.18076,6,1743),
	(5013,2,270,-7.18076,6,1744),
	(5014,2,275.625,-7.18076,6,1745),
	(5015,2,281.25,-7.18076,6,1746),
	(5016,2,286.875,-7.18076,6,1747),
	(5017,2,292.5,-7.18076,6,1748),
	(5018,2,298.125,-7.18076,6,1749),
	(5019,2,303.75,-7.18076,6,1750),
	(5020,2,309.375,-7.18076,6,1751),
	(5021,2,315,-7.18076,6,1752),
	(5022,2,320.625,-7.18076,6,1753),
	(5023,2,326.25,-7.18076,6,1754),
	(5024,2,331.875,-7.18076,6,1755),
	(5025,2,337.5,-7.18076,6,1756),
	(5026,2,343.125,-7.18076,6,1757),
	(5027,2,348.75,-7.18076,6,1758),
	(5028,2,354.375,-7.18076,6,1759),
	(5029,2,2.8125,-9.59407,6,1760),
	(5030,2,8.4375,-9.59407,6,1761),
	(5031,2,14.0625,-9.59407,6,1762),
	(5032,2,19.6875,-9.59407,6,1763),
	(5033,2,25.3125,-9.59407,6,1764),
	(5034,2,30.9375,-9.59407,6,1765),
	(5035,2,36.5625,-9.59407,6,1766),
	(5036,2,42.1875,-9.59407,6,1767),
	(5037,2,47.8125,-9.59407,6,1768),
	(5038,2,53.4375,-9.59407,6,1769),
	(5039,2,59.0625,-9.59407,6,1770),
	(5040,2,64.6875,-9.59407,6,1771),
	(5041,2,70.3125,-9.59407,6,1772),
	(5042,2,75.9375,-9.59407,6,1773),
	(5043,2,81.5625,-9.59407,6,1774),
	(5044,2,87.1875,-9.59407,6,1775),
	(5045,2,92.8125,-9.59407,6,1776),
	(5046,2,98.4375,-9.59407,6,1777),
	(5047,2,104.062,-9.59407,6,1778),
	(5048,2,109.688,-9.59407,6,1779),
	(5049,2,115.312,-9.59407,6,1780),
	(5050,2,120.938,-9.59407,6,1781),
	(5051,2,126.562,-9.59407,6,1782),
	(5052,2,132.188,-9.59407,6,1783),
	(5053,2,137.812,-9.59407,6,1784),
	(5054,2,143.438,-9.59407,6,1785),
	(5055,2,149.062,-9.59407,6,1786),
	(5056,2,154.688,-9.59407,6,1787),
	(5057,2,160.312,-9.59407,6,1788),
	(5058,2,165.938,-9.59407,6,1789),
	(5059,2,171.562,-9.59407,6,1790),
	(5060,2,177.188,-9.59407,6,1791),
	(5061,2,182.812,-9.59407,6,1792),
	(5062,2,188.438,-9.59407,6,1793),
	(5063,2,194.062,-9.59407,6,1794),
	(5064,2,199.688,-9.59407,6,1795),
	(5065,2,205.312,-9.59407,6,1796),
	(5066,2,210.938,-9.59407,6,1797),
	(5067,2,216.562,-9.59407,6,1798),
	(5068,2,222.188,-9.59407,6,1799),
	(5069,2,227.812,-9.59407,6,1800),
	(5070,2,233.438,-9.59407,6,1801),
	(5071,2,239.062,-9.59407,6,1802),
	(5072,2,244.688,-9.59407,6,1803),
	(5073,2,250.312,-9.59407,6,1804),
	(5074,2,255.938,-9.59407,6,1805),
	(5075,2,261.562,-9.59407,6,1806),
	(5076,2,267.188,-9.59407,6,1807),
	(5077,2,272.812,-9.59407,6,1808),
	(5078,2,278.438,-9.59407,6,1809),
	(5079,2,284.062,-9.59407,6,1810),
	(5080,2,289.688,-9.59407,6,1811),
	(5081,2,295.312,-9.59407,6,1812),
	(5082,2,300.938,-9.59407,6,1813),
	(5083,2,306.562,-9.59407,6,1814),
	(5084,2,312.188,-9.59407,6,1815),
	(5085,2,317.812,-9.59407,6,1816),
	(5086,2,323.438,-9.59407,6,1817),
	(5087,2,329.062,-9.59407,6,1818),
	(5088,2,334.688,-9.59407,6,1819),
	(5089,2,340.312,-9.59407,6,1820),
	(5090,2,345.938,-9.59407,6,1821),
	(5091,2,351.562,-9.59407,6,1822),
	(5092,2,357.188,-9.59407,6,1823),
	(5093,2,0,-12.0247,6,1824),
	(5094,2,5.625,-12.0247,6,1825),
	(5095,2,11.25,-12.0247,6,1826),
	(5096,2,16.875,-12.0247,6,1827),
	(5097,2,22.5,-12.0247,6,1828),
	(5098,2,28.125,-12.0247,6,1829),
	(5099,2,33.75,-12.0247,6,1830),
	(5100,2,39.375,-12.0247,6,1831),
	(5101,2,45,-12.0247,6,1832),
	(5102,2,50.625,-12.0247,6,1833),
	(5103,2,56.25,-12.0247,6,1834),
	(5104,2,61.875,-12.0247,6,1835),
	(5105,2,67.5,-12.0247,6,1836),
	(5106,2,73.125,-12.0247,6,1837),
	(5107,2,78.75,-12.0247,6,1838),
	(5108,2,84.375,-12.0247,6,1839),
	(5109,2,90,-12.0247,6,1840),
	(5110,2,95.625,-12.0247,6,1841),
	(5111,2,101.25,-12.0247,6,1842),
	(5112,2,106.875,-12.0247,6,1843),
	(5113,2,112.5,-12.0247,6,1844),
	(5114,2,118.125,-12.0247,6,1845),
	(5115,2,123.75,-12.0247,6,1846),
	(5116,2,129.375,-12.0247,6,1847),
	(5117,2,135,-12.0247,6,1848),
	(5118,2,140.625,-12.0247,6,1849),
	(5119,2,146.25,-12.0247,6,1850),
	(5120,2,151.875,-12.0247,6,1851),
	(5121,2,157.5,-12.0247,6,1852),
	(5122,2,163.125,-12.0247,6,1853),
	(5123,2,168.75,-12.0247,6,1854),
	(5124,2,174.375,-12.0247,6,1855),
	(5125,2,180,-12.0247,6,1856),
	(5126,2,185.625,-12.0247,6,1857),
	(5127,2,191.25,-12.0247,6,1858),
	(5128,2,196.875,-12.0247,6,1859),
	(5129,2,202.5,-12.0247,6,1860),
	(5130,2,208.125,-12.0247,6,1861),
	(5131,2,213.75,-12.0247,6,1862),
	(5132,2,219.375,-12.0247,6,1863),
	(5133,2,225,-12.0247,6,1864),
	(5134,2,230.625,-12.0247,6,1865),
	(5135,2,236.25,-12.0247,6,1866),
	(5136,2,241.875,-12.0247,6,1867),
	(5137,2,247.5,-12.0247,6,1868),
	(5138,2,253.125,-12.0247,6,1869),
	(5139,2,258.75,-12.0247,6,1870),
	(5140,2,264.375,-12.0247,6,1871),
	(5141,2,270,-12.0247,6,1872),
	(5142,2,275.625,-12.0247,6,1873),
	(5143,2,281.25,-12.0247,6,1874),
	(5144,2,286.875,-12.0247,6,1875),
	(5145,2,292.5,-12.0247,6,1876),
	(5146,2,298.125,-12.0247,6,1877),
	(5147,2,303.75,-12.0247,6,1878),
	(5148,2,309.375,-12.0247,6,1879),
	(5149,2,315,-12.0247,6,1880),
	(5150,2,320.625,-12.0247,6,1881),
	(5151,2,326.25,-12.0247,6,1882),
	(5152,2,331.875,-12.0247,6,1883),
	(5153,2,337.5,-12.0247,6,1884),
	(5154,2,343.125,-12.0247,6,1885),
	(5155,2,348.75,-12.0247,6,1886),
	(5156,2,354.375,-12.0247,6,1887),
	(5157,2,2.8125,-14.4775,6,1888),
	(5158,2,8.4375,-14.4775,6,1889),
	(5159,2,14.0625,-14.4775,6,1890),
	(5160,2,19.6875,-14.4775,6,1891),
	(5161,2,25.3125,-14.4775,6,1892),
	(5162,2,30.9375,-14.4775,6,1893),
	(5163,2,36.5625,-14.4775,6,1894),
	(5164,2,42.1875,-14.4775,6,1895),
	(5165,2,47.8125,-14.4775,6,1896),
	(5166,2,53.4375,-14.4775,6,1897),
	(5167,2,59.0625,-14.4775,6,1898),
	(5168,2,64.6875,-14.4775,6,1899),
	(5169,2,70.3125,-14.4775,6,1900),
	(5170,2,75.9375,-14.4775,6,1901),
	(5171,2,81.5625,-14.4775,6,1902),
	(5172,2,87.1875,-14.4775,6,1903),
	(5173,2,92.8125,-14.4775,6,1904),
	(5174,2,98.4375,-14.4775,6,1905),
	(5175,2,104.062,-14.4775,6,1906),
	(5176,2,109.688,-14.4775,6,1907),
	(5177,2,115.312,-14.4775,6,1908),
	(5178,2,120.938,-14.4775,6,1909),
	(5179,2,126.562,-14.4775,6,1910),
	(5180,2,132.188,-14.4775,6,1911),
	(5181,2,137.812,-14.4775,6,1912),
	(5182,2,143.438,-14.4775,6,1913),
	(5183,2,149.062,-14.4775,6,1914),
	(5184,2,154.688,-14.4775,6,1915),
	(5185,2,160.312,-14.4775,6,1916),
	(5186,2,165.938,-14.4775,6,1917),
	(5187,2,171.562,-14.4775,6,1918),
	(5188,2,177.188,-14.4775,6,1919),
	(5189,2,182.812,-14.4775,6,1920),
	(5190,2,188.438,-14.4775,6,1921),
	(5191,2,194.062,-14.4775,6,1922),
	(5192,2,199.688,-14.4775,6,1923),
	(5193,2,205.312,-14.4775,6,1924),
	(5194,2,210.938,-14.4775,6,1925),
	(5195,2,216.562,-14.4775,6,1926),
	(5196,2,222.188,-14.4775,6,1927),
	(5197,2,227.812,-14.4775,6,1928),
	(5198,2,233.438,-14.4775,6,1929),
	(5199,2,239.062,-14.4775,6,1930),
	(5200,2,244.688,-14.4775,6,1931),
	(5201,2,250.312,-14.4775,6,1932),
	(5202,2,255.938,-14.4775,6,1933),
	(5203,2,261.562,-14.4775,6,1934),
	(5204,2,267.188,-14.4775,6,1935),
	(5205,2,272.812,-14.4775,6,1936),
	(5206,2,278.438,-14.4775,6,1937),
	(5207,2,284.062,-14.4775,6,1938),
	(5208,2,289.688,-14.4775,6,1939),
	(5209,2,295.312,-14.4775,6,1940),
	(5210,2,300.938,-14.4775,6,1941),
	(5211,2,306.562,-14.4775,6,1942),
	(5212,2,312.188,-14.4775,6,1943),
	(5213,2,317.812,-14.4775,6,1944),
	(5214,2,323.438,-14.4775,6,1945),
	(5215,2,329.062,-14.4775,6,1946),
	(5216,2,334.688,-14.4775,6,1947),
	(5217,2,340.312,-14.4775,6,1948),
	(5218,2,345.938,-14.4775,6,1949),
	(5219,2,351.562,-14.4775,6,1950),
	(5220,2,357.188,-14.4775,6,1951),
	(5221,2,0,-16.9578,6,1952),
	(5222,2,5.625,-16.9578,6,1953),
	(5223,2,11.25,-16.9578,6,1954),
	(5224,2,16.875,-16.9578,6,1955),
	(5225,2,22.5,-16.9578,6,1956),
	(5226,2,28.125,-16.9578,6,1957),
	(5227,2,33.75,-16.9578,6,1958),
	(5228,2,39.375,-16.9578,6,1959),
	(5229,2,45,-16.9578,6,1960),
	(5230,2,50.625,-16.9578,6,1961),
	(5231,2,56.25,-16.9578,6,1962),
	(5232,2,61.875,-16.9578,6,1963),
	(5233,2,67.5,-16.9578,6,1964),
	(5234,2,73.125,-16.9578,6,1965),
	(5235,2,78.75,-16.9578,6,1966),
	(5236,2,84.375,-16.9578,6,1967),
	(5237,2,90,-16.9578,6,1968),
	(5238,2,95.625,-16.9578,6,1969),
	(5239,2,101.25,-16.9578,6,1970),
	(5240,2,106.875,-16.9578,6,1971),
	(5241,2,112.5,-16.9578,6,1972),
	(5242,2,118.125,-16.9578,6,1973),
	(5243,2,123.75,-16.9578,6,1974),
	(5244,2,129.375,-16.9578,6,1975),
	(5245,2,135,-16.9578,6,1976),
	(5246,2,140.625,-16.9578,6,1977),
	(5247,2,146.25,-16.9578,6,1978),
	(5248,2,151.875,-16.9578,6,1979),
	(5249,2,157.5,-16.9578,6,1980),
	(5250,2,163.125,-16.9578,6,1981),
	(5251,2,168.75,-16.9578,6,1982),
	(5252,2,174.375,-16.9578,6,1983),
	(5253,2,180,-16.9578,6,1984),
	(5254,2,185.625,-16.9578,6,1985),
	(5255,2,191.25,-16.9578,6,1986),
	(5256,2,196.875,-16.9578,6,1987),
	(5257,2,202.5,-16.9578,6,1988),
	(5258,2,208.125,-16.9578,6,1989),
	(5259,2,213.75,-16.9578,6,1990),
	(5260,2,219.375,-16.9578,6,1991),
	(5261,2,225,-16.9578,6,1992),
	(5262,2,230.625,-16.9578,6,1993),
	(5263,2,236.25,-16.9578,6,1994),
	(5264,2,241.875,-16.9578,6,1995),
	(5265,2,247.5,-16.9578,6,1996),
	(5266,2,253.125,-16.9578,6,1997),
	(5267,2,258.75,-16.9578,6,1998),
	(5268,2,264.375,-16.9578,6,1999),
	(5269,2,270,-16.9578,6,2000),
	(5270,2,275.625,-16.9578,6,2001),
	(5271,2,281.25,-16.9578,6,2002),
	(5272,2,286.875,-16.9578,6,2003),
	(5273,2,292.5,-16.9578,6,2004),
	(5274,2,298.125,-16.9578,6,2005),
	(5275,2,303.75,-16.9578,6,2006),
	(5276,2,309.375,-16.9578,6,2007),
	(5277,2,315,-16.9578,6,2008),
	(5278,2,320.625,-16.9578,6,2009),
	(5279,2,326.25,-16.9578,6,2010),
	(5280,2,331.875,-16.9578,6,2011),
	(5281,2,337.5,-16.9578,6,2012),
	(5282,2,343.125,-16.9578,6,2013),
	(5283,2,348.75,-16.9578,6,2014),
	(5284,2,354.375,-16.9578,6,2015),
	(5285,2,2.8125,-19.4712,6,2016),
	(5286,2,8.4375,-19.4712,6,2017),
	(5287,2,14.0625,-19.4712,6,2018),
	(5288,2,19.6875,-19.4712,6,2019),
	(5289,2,25.3125,-19.4712,6,2020),
	(5290,2,30.9375,-19.4712,6,2021),
	(5291,2,36.5625,-19.4712,6,2022),
	(5292,2,42.1875,-19.4712,6,2023),
	(5293,2,47.8125,-19.4712,6,2024),
	(5294,2,53.4375,-19.4712,6,2025),
	(5295,2,59.0625,-19.4712,6,2026),
	(5296,2,64.6875,-19.4712,6,2027),
	(5297,2,70.3125,-19.4712,6,2028),
	(5298,2,75.9375,-19.4712,6,2029),
	(5299,2,81.5625,-19.4712,6,2030),
	(5300,2,87.1875,-19.4712,6,2031),
	(5301,2,92.8125,-19.4712,6,2032),
	(5302,2,98.4375,-19.4712,6,2033),
	(5303,2,104.062,-19.4712,6,2034),
	(5304,2,109.688,-19.4712,6,2035),
	(5305,2,115.312,-19.4712,6,2036),
	(5306,2,120.938,-19.4712,6,2037),
	(5307,2,126.562,-19.4712,6,2038),
	(5308,2,132.188,-19.4712,6,2039),
	(5309,2,137.812,-19.4712,6,2040),
	(5310,2,143.438,-19.4712,6,2041),
	(5311,2,149.062,-19.4712,6,2042),
	(5312,2,154.688,-19.4712,6,2043),
	(5313,2,160.312,-19.4712,6,2044),
	(5314,2,165.938,-19.4712,6,2045),
	(5315,2,171.562,-19.4712,6,2046),
	(5316,2,177.188,-19.4712,6,2047),
	(5317,2,182.812,-19.4712,6,2048),
	(5318,2,188.438,-19.4712,6,2049),
	(5319,2,194.062,-19.4712,6,2050),
	(5320,2,199.688,-19.4712,6,2051),
	(5321,2,205.312,-19.4712,6,2052),
	(5322,2,210.938,-19.4712,6,2053),
	(5323,2,216.562,-19.4712,6,2054),
	(5324,2,222.188,-19.4712,6,2055),
	(5325,2,227.812,-19.4712,6,2056),
	(5326,2,233.438,-19.4712,6,2057),
	(5327,2,239.062,-19.4712,6,2058),
	(5328,2,244.688,-19.4712,6,2059),
	(5329,2,250.312,-19.4712,6,2060),
	(5330,2,255.938,-19.4712,6,2061),
	(5331,2,261.562,-19.4712,6,2062),
	(5332,2,267.188,-19.4712,6,2063),
	(5333,2,272.812,-19.4712,6,2064),
	(5334,2,278.438,-19.4712,6,2065),
	(5335,2,284.062,-19.4712,6,2066),
	(5336,2,289.688,-19.4712,6,2067),
	(5337,2,295.312,-19.4712,6,2068),
	(5338,2,300.938,-19.4712,6,2069),
	(5339,2,306.562,-19.4712,6,2070),
	(5340,2,312.188,-19.4712,6,2071),
	(5341,2,317.812,-19.4712,6,2072),
	(5342,2,323.438,-19.4712,6,2073),
	(5343,2,329.062,-19.4712,6,2074),
	(5344,2,334.688,-19.4712,6,2075),
	(5345,2,340.312,-19.4712,6,2076),
	(5346,2,345.938,-19.4712,6,2077),
	(5347,2,351.562,-19.4712,6,2078),
	(5348,2,357.188,-19.4712,6,2079),
	(5349,2,0,-22.0243,6,2080),
	(5350,2,5.625,-22.0243,6,2081),
	(5351,2,11.25,-22.0243,6,2082),
	(5352,2,16.875,-22.0243,6,2083),
	(5353,2,22.5,-22.0243,6,2084),
	(5354,2,28.125,-22.0243,6,2085),
	(5355,2,33.75,-22.0243,6,2086),
	(5356,2,39.375,-22.0243,6,2087),
	(5357,2,45,-22.0243,6,2088),
	(5358,2,50.625,-22.0243,6,2089),
	(5359,2,56.25,-22.0243,6,2090),
	(5360,2,61.875,-22.0243,6,2091),
	(5361,2,67.5,-22.0243,6,2092),
	(5362,2,73.125,-22.0243,6,2093),
	(5363,2,78.75,-22.0243,6,2094),
	(5364,2,84.375,-22.0243,6,2095),
	(5365,2,90,-22.0243,6,2096),
	(5366,2,95.625,-22.0243,6,2097),
	(5367,2,101.25,-22.0243,6,2098),
	(5368,2,106.875,-22.0243,6,2099),
	(5369,2,112.5,-22.0243,6,2100),
	(5370,2,118.125,-22.0243,6,2101),
	(5371,2,123.75,-22.0243,6,2102),
	(5372,2,129.375,-22.0243,6,2103),
	(5373,2,135,-22.0243,6,2104),
	(5374,2,140.625,-22.0243,6,2105),
	(5375,2,146.25,-22.0243,6,2106),
	(5376,2,151.875,-22.0243,6,2107),
	(5377,2,157.5,-22.0243,6,2108),
	(5378,2,163.125,-22.0243,6,2109),
	(5379,2,168.75,-22.0243,6,2110),
	(5380,2,174.375,-22.0243,6,2111),
	(5381,2,180,-22.0243,6,2112),
	(5382,2,185.625,-22.0243,6,2113),
	(5383,2,191.25,-22.0243,6,2114),
	(5384,2,196.875,-22.0243,6,2115),
	(5385,2,202.5,-22.0243,6,2116),
	(5386,2,208.125,-22.0243,6,2117),
	(5387,2,213.75,-22.0243,6,2118),
	(5388,2,219.375,-22.0243,6,2119),
	(5389,2,225,-22.0243,6,2120),
	(5390,2,230.625,-22.0243,6,2121),
	(5391,2,236.25,-22.0243,6,2122),
	(5392,2,241.875,-22.0243,6,2123),
	(5393,2,247.5,-22.0243,6,2124),
	(5394,2,253.125,-22.0243,6,2125),
	(5395,2,258.75,-22.0243,6,2126),
	(5396,2,264.375,-22.0243,6,2127),
	(5397,2,270,-22.0243,6,2128),
	(5398,2,275.625,-22.0243,6,2129),
	(5399,2,281.25,-22.0243,6,2130),
	(5400,2,286.875,-22.0243,6,2131),
	(5401,2,292.5,-22.0243,6,2132),
	(5402,2,298.125,-22.0243,6,2133),
	(5403,2,303.75,-22.0243,6,2134),
	(5404,2,309.375,-22.0243,6,2135),
	(5405,2,315,-22.0243,6,2136),
	(5406,2,320.625,-22.0243,6,2137),
	(5407,2,326.25,-22.0243,6,2138),
	(5408,2,331.875,-22.0243,6,2139),
	(5409,2,337.5,-22.0243,6,2140),
	(5410,2,343.125,-22.0243,6,2141),
	(5411,2,348.75,-22.0243,6,2142),
	(5412,2,354.375,-22.0243,6,2143),
	(5413,2,2.8125,-24.6243,6,2144),
	(5414,2,8.4375,-24.6243,6,2145),
	(5415,2,14.0625,-24.6243,6,2146),
	(5416,2,19.6875,-24.6243,6,2147),
	(5417,2,25.3125,-24.6243,6,2148),
	(5418,2,30.9375,-24.6243,6,2149),
	(5419,2,36.5625,-24.6243,6,2150),
	(5420,2,42.1875,-24.6243,6,2151),
	(5421,2,47.8125,-24.6243,6,2152),
	(5422,2,53.4375,-24.6243,6,2153),
	(5423,2,59.0625,-24.6243,6,2154),
	(5424,2,64.6875,-24.6243,6,2155),
	(5425,2,70.3125,-24.6243,6,2156),
	(5426,2,75.9375,-24.6243,6,2157),
	(5427,2,81.5625,-24.6243,6,2158),
	(5428,2,87.1875,-24.6243,6,2159),
	(5429,2,92.8125,-24.6243,6,2160),
	(5430,2,98.4375,-24.6243,6,2161),
	(5431,2,104.062,-24.6243,6,2162),
	(5432,2,109.688,-24.6243,6,2163),
	(5433,2,115.312,-24.6243,6,2164),
	(5434,2,120.938,-24.6243,6,2165),
	(5435,2,126.562,-24.6243,6,2166),
	(5436,2,132.188,-24.6243,6,2167),
	(5437,2,137.812,-24.6243,6,2168),
	(5438,2,143.438,-24.6243,6,2169),
	(5439,2,149.062,-24.6243,6,2170),
	(5440,2,154.688,-24.6243,6,2171),
	(5441,2,160.312,-24.6243,6,2172),
	(5442,2,165.938,-24.6243,6,2173),
	(5443,2,171.562,-24.6243,6,2174),
	(5444,2,177.188,-24.6243,6,2175),
	(5445,2,182.812,-24.6243,6,2176),
	(5446,2,188.438,-24.6243,6,2177),
	(5447,2,194.062,-24.6243,6,2178),
	(5448,2,199.688,-24.6243,6,2179),
	(5449,2,205.312,-24.6243,6,2180),
	(5450,2,210.938,-24.6243,6,2181),
	(5451,2,216.562,-24.6243,6,2182),
	(5452,2,222.188,-24.6243,6,2183),
	(5453,2,227.812,-24.6243,6,2184),
	(5454,2,233.438,-24.6243,6,2185),
	(5455,2,239.062,-24.6243,6,2186),
	(5456,2,244.688,-24.6243,6,2187),
	(5457,2,250.312,-24.6243,6,2188),
	(5458,2,255.938,-24.6243,6,2189),
	(5459,2,261.562,-24.6243,6,2190),
	(5460,2,267.188,-24.6243,6,2191),
	(5461,2,272.812,-24.6243,6,2192),
	(5462,2,278.438,-24.6243,6,2193),
	(5463,2,284.062,-24.6243,6,2194),
	(5464,2,289.688,-24.6243,6,2195),
	(5465,2,295.312,-24.6243,6,2196),
	(5466,2,300.938,-24.6243,6,2197),
	(5467,2,306.562,-24.6243,6,2198),
	(5468,2,312.188,-24.6243,6,2199),
	(5469,2,317.812,-24.6243,6,2200),
	(5470,2,323.438,-24.6243,6,2201),
	(5471,2,329.062,-24.6243,6,2202),
	(5472,2,334.688,-24.6243,6,2203),
	(5473,2,340.312,-24.6243,6,2204),
	(5474,2,345.938,-24.6243,6,2205),
	(5475,2,351.562,-24.6243,6,2206),
	(5476,2,357.188,-24.6243,6,2207),
	(5477,2,0,-27.2796,6,2208),
	(5478,2,5.625,-27.2796,6,2209),
	(5479,2,11.25,-27.2796,6,2210),
	(5480,2,16.875,-27.2796,6,2211),
	(5481,2,22.5,-27.2796,6,2212),
	(5482,2,28.125,-27.2796,6,2213),
	(5483,2,33.75,-27.2796,6,2214),
	(5484,2,39.375,-27.2796,6,2215),
	(5485,2,45,-27.2796,6,2216),
	(5486,2,50.625,-27.2796,6,2217),
	(5487,2,56.25,-27.2796,6,2218),
	(5488,2,61.875,-27.2796,6,2219),
	(5489,2,67.5,-27.2796,6,2220),
	(5490,2,73.125,-27.2796,6,2221),
	(5491,2,78.75,-27.2796,6,2222),
	(5492,2,84.375,-27.2796,6,2223),
	(5493,2,90,-27.2796,6,2224),
	(5494,2,95.625,-27.2796,6,2225),
	(5495,2,101.25,-27.2796,6,2226),
	(5496,2,106.875,-27.2796,6,2227),
	(5497,2,112.5,-27.2796,6,2228),
	(5498,2,118.125,-27.2796,6,2229),
	(5499,2,123.75,-27.2796,6,2230),
	(5500,2,129.375,-27.2796,6,2231),
	(5501,2,135,-27.2796,6,2232),
	(5502,2,140.625,-27.2796,6,2233),
	(5503,2,146.25,-27.2796,6,2234),
	(5504,2,151.875,-27.2796,6,2235),
	(5505,2,157.5,-27.2796,6,2236),
	(5506,2,163.125,-27.2796,6,2237),
	(5507,2,168.75,-27.2796,6,2238),
	(5508,2,174.375,-27.2796,6,2239),
	(5509,2,180,-27.2796,6,2240),
	(5510,2,185.625,-27.2796,6,2241),
	(5511,2,191.25,-27.2796,6,2242),
	(5512,2,196.875,-27.2796,6,2243),
	(5513,2,202.5,-27.2796,6,2244),
	(5514,2,208.125,-27.2796,6,2245),
	(5515,2,213.75,-27.2796,6,2246),
	(5516,2,219.375,-27.2796,6,2247),
	(5517,2,225,-27.2796,6,2248),
	(5518,2,230.625,-27.2796,6,2249),
	(5519,2,236.25,-27.2796,6,2250),
	(5520,2,241.875,-27.2796,6,2251),
	(5521,2,247.5,-27.2796,6,2252),
	(5522,2,253.125,-27.2796,6,2253),
	(5523,2,258.75,-27.2796,6,2254),
	(5524,2,264.375,-27.2796,6,2255),
	(5525,2,270,-27.2796,6,2256),
	(5526,2,275.625,-27.2796,6,2257),
	(5527,2,281.25,-27.2796,6,2258),
	(5528,2,286.875,-27.2796,6,2259),
	(5529,2,292.5,-27.2796,6,2260),
	(5530,2,298.125,-27.2796,6,2261),
	(5531,2,303.75,-27.2796,6,2262),
	(5532,2,309.375,-27.2796,6,2263),
	(5533,2,315,-27.2796,6,2264),
	(5534,2,320.625,-27.2796,6,2265),
	(5535,2,326.25,-27.2796,6,2266),
	(5536,2,331.875,-27.2796,6,2267),
	(5537,2,337.5,-27.2796,6,2268),
	(5538,2,343.125,-27.2796,6,2269),
	(5539,2,348.75,-27.2796,6,2270),
	(5540,2,354.375,-27.2796,6,2271),
	(5541,2,2.8125,-30,6,2272),
	(5542,2,8.4375,-30,6,2273),
	(5543,2,14.0625,-30,6,2274),
	(5544,2,19.6875,-30,6,2275),
	(5545,2,25.3125,-30,6,2276),
	(5546,2,30.9375,-30,6,2277),
	(5547,2,36.5625,-30,6,2278),
	(5548,2,42.1875,-30,6,2279),
	(5549,2,47.8125,-30,6,2280),
	(5550,2,53.4375,-30,6,2281),
	(5551,2,59.0625,-30,6,2282),
	(5552,2,64.6875,-30,6,2283),
	(5553,2,70.3125,-30,6,2284),
	(5554,2,75.9375,-30,6,2285),
	(5555,2,81.5625,-30,6,2286),
	(5556,2,87.1875,-30,6,2287),
	(5557,2,92.8125,-30,6,2288),
	(5558,2,98.4375,-30,6,2289),
	(5559,2,104.062,-30,6,2290),
	(5560,2,109.688,-30,6,2291),
	(5561,2,115.312,-30,6,2292),
	(5562,2,120.938,-30,6,2293),
	(5563,2,126.562,-30,6,2294),
	(5564,2,132.188,-30,6,2295),
	(5565,2,137.812,-30,6,2296),
	(5566,2,143.438,-30,6,2297),
	(5567,2,149.062,-30,6,2298),
	(5568,2,154.688,-30,6,2299),
	(5569,2,160.312,-30,6,2300),
	(5570,2,165.938,-30,6,2301),
	(5571,2,171.562,-30,6,2302),
	(5572,2,177.188,-30,6,2303),
	(5573,2,182.812,-30,6,2304),
	(5574,2,188.438,-30,6,2305),
	(5575,2,194.062,-30,6,2306),
	(5576,2,199.688,-30,6,2307),
	(5577,2,205.312,-30,6,2308),
	(5578,2,210.938,-30,6,2309),
	(5579,2,216.562,-30,6,2310),
	(5580,2,222.188,-30,6,2311),
	(5581,2,227.812,-30,6,2312),
	(5582,2,233.438,-30,6,2313),
	(5583,2,239.062,-30,6,2314),
	(5584,2,244.688,-30,6,2315),
	(5585,2,250.312,-30,6,2316),
	(5586,2,255.938,-30,6,2317),
	(5587,2,261.562,-30,6,2318),
	(5588,2,267.188,-30,6,2319),
	(5589,2,272.812,-30,6,2320),
	(5590,2,278.438,-30,6,2321),
	(5591,2,284.062,-30,6,2322),
	(5592,2,289.688,-30,6,2323),
	(5593,2,295.312,-30,6,2324),
	(5594,2,300.938,-30,6,2325),
	(5595,2,306.562,-30,6,2326),
	(5596,2,312.188,-30,6,2327),
	(5597,2,317.812,-30,6,2328),
	(5598,2,323.438,-30,6,2329),
	(5599,2,329.062,-30,6,2330),
	(5600,2,334.688,-30,6,2331),
	(5601,2,340.312,-30,6,2332),
	(5602,2,345.938,-30,6,2333),
	(5603,2,351.562,-30,6,2334),
	(5604,2,357.188,-30,6,2335),
	(5605,2,0,-32.7972,6,2336),
	(5606,2,5.625,-32.7972,6,2337),
	(5607,2,11.25,-32.7972,6,2338),
	(5608,2,16.875,-32.7972,6,2339),
	(5609,2,22.5,-32.7972,6,2340),
	(5610,2,28.125,-32.7972,6,2341),
	(5611,2,33.75,-32.7972,6,2342),
	(5612,2,39.375,-32.7972,6,2343),
	(5613,2,45,-32.7972,6,2344),
	(5614,2,50.625,-32.7972,6,2345),
	(5615,2,56.25,-32.7972,6,2346),
	(5616,2,61.875,-32.7972,6,2347),
	(5617,2,67.5,-32.7972,6,2348),
	(5618,2,73.125,-32.7972,6,2349),
	(5619,2,78.75,-32.7972,6,2350),
	(5620,2,84.375,-32.7972,6,2351),
	(5621,2,90,-32.7972,6,2352),
	(5622,2,95.625,-32.7972,6,2353),
	(5623,2,101.25,-32.7972,6,2354),
	(5624,2,106.875,-32.7972,6,2355),
	(5625,2,112.5,-32.7972,6,2356),
	(5626,2,118.125,-32.7972,6,2357),
	(5627,2,123.75,-32.7972,6,2358),
	(5628,2,129.375,-32.7972,6,2359),
	(5629,2,135,-32.7972,6,2360),
	(5630,2,140.625,-32.7972,6,2361),
	(5631,2,146.25,-32.7972,6,2362),
	(5632,2,151.875,-32.7972,6,2363),
	(5633,2,157.5,-32.7972,6,2364),
	(5634,2,163.125,-32.7972,6,2365),
	(5635,2,168.75,-32.7972,6,2366),
	(5636,2,174.375,-32.7972,6,2367),
	(5637,2,180,-32.7972,6,2368),
	(5638,2,185.625,-32.7972,6,2369),
	(5639,2,191.25,-32.7972,6,2370),
	(5640,2,196.875,-32.7972,6,2371),
	(5641,2,202.5,-32.7972,6,2372),
	(5642,2,208.125,-32.7972,6,2373),
	(5643,2,213.75,-32.7972,6,2374),
	(5644,2,219.375,-32.7972,6,2375),
	(5645,2,225,-32.7972,6,2376),
	(5646,2,230.625,-32.7972,6,2377),
	(5647,2,236.25,-32.7972,6,2378),
	(5648,2,241.875,-32.7972,6,2379),
	(5649,2,247.5,-32.7972,6,2380),
	(5650,2,253.125,-32.7972,6,2381),
	(5651,2,258.75,-32.7972,6,2382),
	(5652,2,264.375,-32.7972,6,2383),
	(5653,2,270,-32.7972,6,2384),
	(5654,2,275.625,-32.7972,6,2385),
	(5655,2,281.25,-32.7972,6,2386),
	(5656,2,286.875,-32.7972,6,2387),
	(5657,2,292.5,-32.7972,6,2388),
	(5658,2,298.125,-32.7972,6,2389),
	(5659,2,303.75,-32.7972,6,2390),
	(5660,2,309.375,-32.7972,6,2391),
	(5661,2,315,-32.7972,6,2392),
	(5662,2,320.625,-32.7972,6,2393),
	(5663,2,326.25,-32.7972,6,2394),
	(5664,2,331.875,-32.7972,6,2395),
	(5665,2,337.5,-32.7972,6,2396),
	(5666,2,343.125,-32.7972,6,2397),
	(5667,2,348.75,-32.7972,6,2398),
	(5668,2,354.375,-32.7972,6,2399),
	(5669,2,2.8125,-35.6853,6,2400),
	(5670,2,8.4375,-35.6853,6,2401),
	(5671,2,14.0625,-35.6853,6,2402),
	(5672,2,19.6875,-35.6853,6,2403),
	(5673,2,25.3125,-35.6853,6,2404),
	(5674,2,30.9375,-35.6853,6,2405),
	(5675,2,36.5625,-35.6853,6,2406),
	(5676,2,42.1875,-35.6853,6,2407),
	(5677,2,47.8125,-35.6853,6,2408),
	(5678,2,53.4375,-35.6853,6,2409),
	(5679,2,59.0625,-35.6853,6,2410),
	(5680,2,64.6875,-35.6853,6,2411),
	(5681,2,70.3125,-35.6853,6,2412),
	(5682,2,75.9375,-35.6853,6,2413),
	(5683,2,81.5625,-35.6853,6,2414),
	(5684,2,87.1875,-35.6853,6,2415),
	(5685,2,92.8125,-35.6853,6,2416),
	(5686,2,98.4375,-35.6853,6,2417),
	(5687,2,104.062,-35.6853,6,2418),
	(5688,2,109.688,-35.6853,6,2419),
	(5689,2,115.312,-35.6853,6,2420),
	(5690,2,120.938,-35.6853,6,2421),
	(5691,2,126.562,-35.6853,6,2422),
	(5692,2,132.188,-35.6853,6,2423),
	(5693,2,137.812,-35.6853,6,2424),
	(5694,2,143.438,-35.6853,6,2425),
	(5695,2,149.062,-35.6853,6,2426),
	(5696,2,154.688,-35.6853,6,2427),
	(5697,2,160.312,-35.6853,6,2428),
	(5698,2,165.938,-35.6853,6,2429),
	(5699,2,171.562,-35.6853,6,2430),
	(5700,2,177.188,-35.6853,6,2431),
	(5701,2,182.812,-35.6853,6,2432),
	(5702,2,188.438,-35.6853,6,2433),
	(5703,2,194.062,-35.6853,6,2434),
	(5704,2,199.688,-35.6853,6,2435),
	(5705,2,205.312,-35.6853,6,2436),
	(5706,2,210.938,-35.6853,6,2437),
	(5707,2,216.562,-35.6853,6,2438),
	(5708,2,222.188,-35.6853,6,2439),
	(5709,2,227.812,-35.6853,6,2440),
	(5710,2,233.438,-35.6853,6,2441),
	(5711,2,239.062,-35.6853,6,2442),
	(5712,2,244.688,-35.6853,6,2443),
	(5713,2,250.312,-35.6853,6,2444),
	(5714,2,255.938,-35.6853,6,2445),
	(5715,2,261.562,-35.6853,6,2446),
	(5716,2,267.188,-35.6853,6,2447),
	(5717,2,272.812,-35.6853,6,2448),
	(5718,2,278.438,-35.6853,6,2449),
	(5719,2,284.062,-35.6853,6,2450),
	(5720,2,289.688,-35.6853,6,2451),
	(5721,2,295.312,-35.6853,6,2452),
	(5722,2,300.938,-35.6853,6,2453),
	(5723,2,306.562,-35.6853,6,2454),
	(5724,2,312.188,-35.6853,6,2455),
	(5725,2,317.812,-35.6853,6,2456),
	(5726,2,323.438,-35.6853,6,2457),
	(5727,2,329.062,-35.6853,6,2458),
	(5728,2,334.688,-35.6853,6,2459),
	(5729,2,340.312,-35.6853,6,2460),
	(5730,2,345.938,-35.6853,6,2461),
	(5731,2,351.562,-35.6853,6,2462),
	(5732,2,357.188,-35.6853,6,2463),
	(5733,2,0,-38.6822,6,2464),
	(5734,2,5.625,-38.6822,6,2465),
	(5735,2,11.25,-38.6822,6,2466),
	(5736,2,16.875,-38.6822,6,2467),
	(5737,2,22.5,-38.6822,6,2468),
	(5738,2,28.125,-38.6822,6,2469),
	(5739,2,33.75,-38.6822,6,2470),
	(5740,2,39.375,-38.6822,6,2471),
	(5741,2,45,-38.6822,6,2472),
	(5742,2,50.625,-38.6822,6,2473),
	(5743,2,56.25,-38.6822,6,2474),
	(5744,2,61.875,-38.6822,6,2475),
	(5745,2,67.5,-38.6822,6,2476),
	(5746,2,73.125,-38.6822,6,2477),
	(5747,2,78.75,-38.6822,6,2478),
	(5748,2,84.375,-38.6822,6,2479),
	(5749,2,90,-38.6822,6,2480),
	(5750,2,95.625,-38.6822,6,2481),
	(5751,2,101.25,-38.6822,6,2482),
	(5752,2,106.875,-38.6822,6,2483),
	(5753,2,112.5,-38.6822,6,2484),
	(5754,2,118.125,-38.6822,6,2485),
	(5755,2,123.75,-38.6822,6,2486),
	(5756,2,129.375,-38.6822,6,2487),
	(5757,2,135,-38.6822,6,2488),
	(5758,2,140.625,-38.6822,6,2489),
	(5759,2,146.25,-38.6822,6,2490),
	(5760,2,151.875,-38.6822,6,2491),
	(5761,2,157.5,-38.6822,6,2492),
	(5762,2,163.125,-38.6822,6,2493),
	(5763,2,168.75,-38.6822,6,2494),
	(5764,2,174.375,-38.6822,6,2495),
	(5765,2,180,-38.6822,6,2496),
	(5766,2,185.625,-38.6822,6,2497),
	(5767,2,191.25,-38.6822,6,2498),
	(5768,2,196.875,-38.6822,6,2499),
	(5769,2,202.5,-38.6822,6,2500),
	(5770,2,208.125,-38.6822,6,2501),
	(5771,2,213.75,-38.6822,6,2502),
	(5772,2,219.375,-38.6822,6,2503),
	(5773,2,225,-38.6822,6,2504),
	(5774,2,230.625,-38.6822,6,2505),
	(5775,2,236.25,-38.6822,6,2506),
	(5776,2,241.875,-38.6822,6,2507),
	(5777,2,247.5,-38.6822,6,2508),
	(5778,2,253.125,-38.6822,6,2509),
	(5779,2,258.75,-38.6822,6,2510),
	(5780,2,264.375,-38.6822,6,2511),
	(5781,2,270,-38.6822,6,2512),
	(5782,2,275.625,-38.6822,6,2513),
	(5783,2,281.25,-38.6822,6,2514),
	(5784,2,286.875,-38.6822,6,2515),
	(5785,2,292.5,-38.6822,6,2516),
	(5786,2,298.125,-38.6822,6,2517),
	(5787,2,303.75,-38.6822,6,2518),
	(5788,2,309.375,-38.6822,6,2519),
	(5789,2,315,-38.6822,6,2520),
	(5790,2,320.625,-38.6822,6,2521),
	(5791,2,326.25,-38.6822,6,2522),
	(5792,2,331.875,-38.6822,6,2523),
	(5793,2,337.5,-38.6822,6,2524),
	(5794,2,343.125,-38.6822,6,2525),
	(5795,2,348.75,-38.6822,6,2526),
	(5796,2,354.375,-38.6822,6,2527),
	(5797,2,2.8125,-41.8103,6,2528),
	(5798,2,8.4375,-41.8103,6,2529),
	(5799,2,14.0625,-41.8103,6,2530),
	(5800,2,19.6875,-41.8103,6,2531),
	(5801,2,25.3125,-41.8103,6,2532),
	(5802,2,30.9375,-41.8103,6,2533),
	(5803,2,36.5625,-41.8103,6,2534),
	(5804,2,42.1875,-41.8103,6,2535),
	(5805,2,47.8125,-41.8103,6,2536),
	(5806,2,53.4375,-41.8103,6,2537),
	(5807,2,59.0625,-41.8103,6,2538),
	(5808,2,64.6875,-41.8103,6,2539),
	(5809,2,70.3125,-41.8103,6,2540),
	(5810,2,75.9375,-41.8103,6,2541),
	(5811,2,81.5625,-41.8103,6,2542),
	(5812,2,87.1875,-41.8103,6,2543),
	(5813,2,92.8125,-41.8103,6,2544),
	(5814,2,98.4375,-41.8103,6,2545),
	(5815,2,104.062,-41.8103,6,2546),
	(5816,2,109.688,-41.8103,6,2547),
	(5817,2,115.312,-41.8103,6,2548),
	(5818,2,120.938,-41.8103,6,2549),
	(5819,2,126.562,-41.8103,6,2550),
	(5820,2,132.188,-41.8103,6,2551),
	(5821,2,137.812,-41.8103,6,2552),
	(5822,2,143.438,-41.8103,6,2553),
	(5823,2,149.062,-41.8103,6,2554),
	(5824,2,154.688,-41.8103,6,2555),
	(5825,2,160.312,-41.8103,6,2556),
	(5826,2,165.938,-41.8103,6,2557),
	(5827,2,171.562,-41.8103,6,2558),
	(5828,2,177.188,-41.8103,6,2559),
	(5829,2,182.812,-41.8103,6,2560),
	(5830,2,188.438,-41.8103,6,2561),
	(5831,2,194.062,-41.8103,6,2562),
	(5832,2,199.688,-41.8103,6,2563),
	(5833,2,205.312,-41.8103,6,2564),
	(5834,2,210.938,-41.8103,6,2565),
	(5835,2,216.562,-41.8103,6,2566),
	(5836,2,222.188,-41.8103,6,2567),
	(5837,2,227.812,-41.8103,6,2568),
	(5838,2,233.438,-41.8103,6,2569),
	(5839,2,239.062,-41.8103,6,2570),
	(5840,2,244.688,-41.8103,6,2571),
	(5841,2,250.312,-41.8103,6,2572),
	(5842,2,255.938,-41.8103,6,2573),
	(5843,2,261.562,-41.8103,6,2574),
	(5844,2,267.188,-41.8103,6,2575),
	(5845,2,272.812,-41.8103,6,2576),
	(5846,2,278.438,-41.8103,6,2577),
	(5847,2,284.062,-41.8103,6,2578),
	(5848,2,289.688,-41.8103,6,2579),
	(5849,2,295.312,-41.8103,6,2580),
	(5850,2,300.938,-41.8103,6,2581),
	(5851,2,306.562,-41.8103,6,2582),
	(5852,2,312.188,-41.8103,6,2583),
	(5853,2,317.812,-41.8103,6,2584),
	(5854,2,323.438,-41.8103,6,2585),
	(5855,2,329.062,-41.8103,6,2586),
	(5856,2,334.688,-41.8103,6,2587),
	(5857,2,340.312,-41.8103,6,2588),
	(5858,2,345.938,-41.8103,6,2589),
	(5859,2,351.562,-41.8103,6,2590),
	(5860,2,357.188,-41.8103,6,2591),
	(5861,2,3,-44.9939,6,2592),
	(5862,2,9,-44.9939,6,2593),
	(5863,2,15,-44.9939,6,2594),
	(5864,2,21,-44.9939,6,2595),
	(5865,2,27,-44.9939,6,2596),
	(5866,2,33,-44.9939,6,2597),
	(5867,2,39,-44.9939,6,2598),
	(5868,2,45,-44.9939,6,2599),
	(5869,2,51,-44.9939,6,2600),
	(5870,2,57,-44.9939,6,2601),
	(5871,2,63,-44.9939,6,2602),
	(5872,2,69,-44.9939,6,2603),
	(5873,2,75,-44.9939,6,2604),
	(5874,2,81,-44.9939,6,2605),
	(5875,2,87,-44.9939,6,2606),
	(5876,2,93,-44.9939,6,2607),
	(5877,2,99,-44.9939,6,2608),
	(5878,2,105,-44.9939,6,2609),
	(5879,2,111,-44.9939,6,2610),
	(5880,2,117,-44.9939,6,2611),
	(5881,2,123,-44.9939,6,2612),
	(5882,2,129,-44.9939,6,2613),
	(5883,2,135,-44.9939,6,2614),
	(5884,2,141,-44.9939,6,2615),
	(5885,2,147,-44.9939,6,2616),
	(5886,2,153,-44.9939,6,2617),
	(5887,2,159,-44.9939,6,2618),
	(5888,2,165,-44.9939,6,2619),
	(5889,2,171,-44.9939,6,2620),
	(5890,2,177,-44.9939,6,2621),
	(5891,2,183,-44.9939,6,2622),
	(5892,2,189,-44.9939,6,2623),
	(5893,2,195,-44.9939,6,2624),
	(5894,2,201,-44.9939,6,2625),
	(5895,2,207,-44.9939,6,2626),
	(5896,2,213,-44.9939,6,2627),
	(5897,2,219,-44.9939,6,2628),
	(5898,2,225,-44.9939,6,2629),
	(5899,2,231,-44.9939,6,2630),
	(5900,2,237,-44.9939,6,2631),
	(5901,2,243,-44.9939,6,2632),
	(5902,2,249,-44.9939,6,2633),
	(5903,2,255,-44.9939,6,2634),
	(5904,2,261,-44.9939,6,2635),
	(5905,2,267,-44.9939,6,2636),
	(5906,2,273,-44.9939,6,2637),
	(5907,2,279,-44.9939,6,2638),
	(5908,2,285,-44.9939,6,2639),
	(5909,2,291,-44.9939,6,2640),
	(5910,2,297,-44.9939,6,2641),
	(5911,2,303,-44.9939,6,2642),
	(5912,2,309,-44.9939,6,2643),
	(5913,2,315,-44.9939,6,2644),
	(5914,2,321,-44.9939,6,2645),
	(5915,2,327,-44.9939,6,2646),
	(5916,2,333,-44.9939,6,2647),
	(5917,2,339,-44.9939,6,2648),
	(5918,2,345,-44.9939,6,2649),
	(5919,2,351,-44.9939,6,2650),
	(5920,2,357,-44.9939,6,2651),
	(5921,2,3.21429,-48.1412,6,2652),
	(5922,2,9.64286,-48.1412,6,2653),
	(5923,2,16.0714,-48.1412,6,2654),
	(5924,2,22.5,-48.1412,6,2655),
	(5925,2,28.9286,-48.1412,6,2656),
	(5926,2,35.3571,-48.1412,6,2657),
	(5927,2,41.7857,-48.1412,6,2658),
	(5928,2,48.2143,-48.1412,6,2659),
	(5929,2,54.6429,-48.1412,6,2660),
	(5930,2,61.0714,-48.1412,6,2661),
	(5931,2,67.5,-48.1412,6,2662),
	(5932,2,73.9286,-48.1412,6,2663),
	(5933,2,80.3571,-48.1412,6,2664),
	(5934,2,86.7857,-48.1412,6,2665),
	(5935,2,93.2143,-48.1412,6,2666),
	(5936,2,99.6429,-48.1412,6,2667),
	(5937,2,106.071,-48.1412,6,2668),
	(5938,2,112.5,-48.1412,6,2669),
	(5939,2,118.929,-48.1412,6,2670),
	(5940,2,125.357,-48.1412,6,2671),
	(5941,2,131.786,-48.1412,6,2672),
	(5942,2,138.214,-48.1412,6,2673),
	(5943,2,144.643,-48.1412,6,2674),
	(5944,2,151.071,-48.1412,6,2675),
	(5945,2,157.5,-48.1412,6,2676),
	(5946,2,163.929,-48.1412,6,2677),
	(5947,2,170.357,-48.1412,6,2678),
	(5948,2,176.786,-48.1412,6,2679),
	(5949,2,183.214,-48.1412,6,2680),
	(5950,2,189.643,-48.1412,6,2681),
	(5951,2,196.071,-48.1412,6,2682),
	(5952,2,202.5,-48.1412,6,2683),
	(5953,2,208.929,-48.1412,6,2684),
	(5954,2,215.357,-48.1412,6,2685),
	(5955,2,221.786,-48.1412,6,2686),
	(5956,2,228.214,-48.1412,6,2687),
	(5957,2,234.643,-48.1412,6,2688),
	(5958,2,241.071,-48.1412,6,2689),
	(5959,2,247.5,-48.1412,6,2690),
	(5960,2,253.929,-48.1412,6,2691),
	(5961,2,260.357,-48.1412,6,2692),
	(5962,2,266.786,-48.1412,6,2693),
	(5963,2,273.214,-48.1412,6,2694),
	(5964,2,279.643,-48.1412,6,2695),
	(5965,2,286.071,-48.1412,6,2696),
	(5966,2,292.5,-48.1412,6,2697),
	(5967,2,298.929,-48.1412,6,2698),
	(5968,2,305.357,-48.1412,6,2699),
	(5969,2,311.786,-48.1412,6,2700),
	(5970,2,318.214,-48.1412,6,2701),
	(5971,2,324.643,-48.1412,6,2702),
	(5972,2,331.071,-48.1412,6,2703),
	(5973,2,337.5,-48.1412,6,2704),
	(5974,2,343.929,-48.1412,6,2705),
	(5975,2,350.357,-48.1412,6,2706),
	(5976,2,356.786,-48.1412,6,2707),
	(5977,2,3.46154,-51.2558,6,2708),
	(5978,2,10.3846,-51.2558,6,2709),
	(5979,2,17.3077,-51.2558,6,2710),
	(5980,2,24.2308,-51.2558,6,2711),
	(5981,2,31.1538,-51.2558,6,2712),
	(5982,2,38.0769,-51.2558,6,2713),
	(5983,2,45,-51.2558,6,2714),
	(5984,2,51.9231,-51.2558,6,2715),
	(5985,2,58.8462,-51.2558,6,2716),
	(5986,2,65.7692,-51.2558,6,2717),
	(5987,2,72.6923,-51.2558,6,2718),
	(5988,2,79.6154,-51.2558,6,2719),
	(5989,2,86.5385,-51.2558,6,2720),
	(5990,2,93.4615,-51.2558,6,2721),
	(5991,2,100.385,-51.2558,6,2722),
	(5992,2,107.308,-51.2558,6,2723),
	(5993,2,114.231,-51.2558,6,2724),
	(5994,2,121.154,-51.2558,6,2725),
	(5995,2,128.077,-51.2558,6,2726),
	(5996,2,135,-51.2558,6,2727),
	(5997,2,141.923,-51.2558,6,2728),
	(5998,2,148.846,-51.2558,6,2729),
	(5999,2,155.769,-51.2558,6,2730),
	(6000,2,162.692,-51.2558,6,2731),
	(6001,2,169.615,-51.2558,6,2732),
	(6002,2,176.538,-51.2558,6,2733),
	(6003,2,183.462,-51.2558,6,2734),
	(6004,2,190.385,-51.2558,6,2735),
	(6005,2,197.308,-51.2558,6,2736),
	(6006,2,204.231,-51.2558,6,2737),
	(6007,2,211.154,-51.2558,6,2738),
	(6008,2,218.077,-51.2558,6,2739),
	(6009,2,225,-51.2558,6,2740),
	(6010,2,231.923,-51.2558,6,2741),
	(6011,2,238.846,-51.2558,6,2742),
	(6012,2,245.769,-51.2558,6,2743),
	(6013,2,252.692,-51.2558,6,2744),
	(6014,2,259.615,-51.2558,6,2745),
	(6015,2,266.538,-51.2558,6,2746),
	(6016,2,273.462,-51.2558,6,2747),
	(6017,2,280.385,-51.2558,6,2748),
	(6018,2,287.308,-51.2558,6,2749),
	(6019,2,294.231,-51.2558,6,2750),
	(6020,2,301.154,-51.2558,6,2751),
	(6021,2,308.077,-51.2558,6,2752),
	(6022,2,315,-51.2558,6,2753),
	(6023,2,321.923,-51.2558,6,2754),
	(6024,2,328.846,-51.2558,6,2755),
	(6025,2,335.769,-51.2558,6,2756),
	(6026,2,342.692,-51.2558,6,2757),
	(6027,2,349.615,-51.2558,6,2758),
	(6028,2,356.538,-51.2558,6,2759),
	(6029,2,3.75,-54.3409,6,2760),
	(6030,2,11.25,-54.3409,6,2761),
	(6031,2,18.75,-54.3409,6,2762),
	(6032,2,26.25,-54.3409,6,2763),
	(6033,2,33.75,-54.3409,6,2764),
	(6034,2,41.25,-54.3409,6,2765),
	(6035,2,48.75,-54.3409,6,2766),
	(6036,2,56.25,-54.3409,6,2767),
	(6037,2,63.75,-54.3409,6,2768),
	(6038,2,71.25,-54.3409,6,2769),
	(6039,2,78.75,-54.3409,6,2770),
	(6040,2,86.25,-54.3409,6,2771),
	(6041,2,93.75,-54.3409,6,2772),
	(6042,2,101.25,-54.3409,6,2773),
	(6043,2,108.75,-54.3409,6,2774),
	(6044,2,116.25,-54.3409,6,2775),
	(6045,2,123.75,-54.3409,6,2776),
	(6046,2,131.25,-54.3409,6,2777),
	(6047,2,138.75,-54.3409,6,2778),
	(6048,2,146.25,-54.3409,6,2779),
	(6049,2,153.75,-54.3409,6,2780),
	(6050,2,161.25,-54.3409,6,2781),
	(6051,2,168.75,-54.3409,6,2782),
	(6052,2,176.25,-54.3409,6,2783),
	(6053,2,183.75,-54.3409,6,2784),
	(6054,2,191.25,-54.3409,6,2785),
	(6055,2,198.75,-54.3409,6,2786),
	(6056,2,206.25,-54.3409,6,2787),
	(6057,2,213.75,-54.3409,6,2788),
	(6058,2,221.25,-54.3409,6,2789),
	(6059,2,228.75,-54.3409,6,2790),
	(6060,2,236.25,-54.3409,6,2791),
	(6061,2,243.75,-54.3409,6,2792),
	(6062,2,251.25,-54.3409,6,2793),
	(6063,2,258.75,-54.3409,6,2794),
	(6064,2,266.25,-54.3409,6,2795),
	(6065,2,273.75,-54.3409,6,2796),
	(6066,2,281.25,-54.3409,6,2797),
	(6067,2,288.75,-54.3409,6,2798),
	(6068,2,296.25,-54.3409,6,2799),
	(6069,2,303.75,-54.3409,6,2800),
	(6070,2,311.25,-54.3409,6,2801),
	(6071,2,318.75,-54.3409,6,2802),
	(6072,2,326.25,-54.3409,6,2803),
	(6073,2,333.75,-54.3409,6,2804),
	(6074,2,341.25,-54.3409,6,2805),
	(6075,2,348.75,-54.3409,6,2806),
	(6076,2,356.25,-54.3409,6,2807),
	(6077,2,4.09091,-57.3995,6,2808),
	(6078,2,12.2727,-57.3995,6,2809),
	(6079,2,20.4545,-57.3995,6,2810),
	(6080,2,28.6364,-57.3995,6,2811),
	(6081,2,36.8182,-57.3995,6,2812),
	(6082,2,45,-57.3995,6,2813),
	(6083,2,53.1818,-57.3995,6,2814),
	(6084,2,61.3636,-57.3995,6,2815),
	(6085,2,69.5455,-57.3995,6,2816),
	(6086,2,77.7273,-57.3995,6,2817),
	(6087,2,85.9091,-57.3995,6,2818),
	(6088,2,94.0909,-57.3995,6,2819),
	(6089,2,102.273,-57.3995,6,2820),
	(6090,2,110.455,-57.3995,6,2821),
	(6091,2,118.636,-57.3995,6,2822),
	(6092,2,126.818,-57.3995,6,2823),
	(6093,2,135,-57.3995,6,2824),
	(6094,2,143.182,-57.3995,6,2825),
	(6095,2,151.364,-57.3995,6,2826),
	(6096,2,159.545,-57.3995,6,2827),
	(6097,2,167.727,-57.3995,6,2828),
	(6098,2,175.909,-57.3995,6,2829),
	(6099,2,184.091,-57.3995,6,2830),
	(6100,2,192.273,-57.3995,6,2831),
	(6101,2,200.455,-57.3995,6,2832),
	(6102,2,208.636,-57.3995,6,2833),
	(6103,2,216.818,-57.3995,6,2834),
	(6104,2,225,-57.3995,6,2835),
	(6105,2,233.182,-57.3995,6,2836),
	(6106,2,241.364,-57.3995,6,2837),
	(6107,2,249.545,-57.3995,6,2838),
	(6108,2,257.727,-57.3995,6,2839),
	(6109,2,265.909,-57.3995,6,2840),
	(6110,2,274.091,-57.3995,6,2841),
	(6111,2,282.273,-57.3995,6,2842),
	(6112,2,290.455,-57.3995,6,2843),
	(6113,2,298.636,-57.3995,6,2844),
	(6114,2,306.818,-57.3995,6,2845),
	(6115,2,315,-57.3995,6,2846),
	(6116,2,323.182,-57.3995,6,2847),
	(6117,2,331.364,-57.3995,6,2848),
	(6118,2,339.545,-57.3995,6,2849),
	(6119,2,347.727,-57.3995,6,2850),
	(6120,2,355.909,-57.3995,6,2851),
	(6121,2,4.5,-60.4344,6,2852),
	(6122,2,13.5,-60.4344,6,2853),
	(6123,2,22.5,-60.4344,6,2854),
	(6124,2,31.5,-60.4344,6,2855),
	(6125,2,40.5,-60.4344,6,2856),
	(6126,2,49.5,-60.4344,6,2857),
	(6127,2,58.5,-60.4344,6,2858),
	(6128,2,67.5,-60.4344,6,2859),
	(6129,2,76.5,-60.4344,6,2860),
	(6130,2,85.5,-60.4344,6,2861),
	(6131,2,94.5,-60.4344,6,2862),
	(6132,2,103.5,-60.4344,6,2863),
	(6133,2,112.5,-60.4344,6,2864),
	(6134,2,121.5,-60.4344,6,2865),
	(6135,2,130.5,-60.4344,6,2866),
	(6136,2,139.5,-60.4344,6,2867),
	(6137,2,148.5,-60.4344,6,2868),
	(6138,2,157.5,-60.4344,6,2869),
	(6139,2,166.5,-60.4344,6,2870),
	(6140,2,175.5,-60.4344,6,2871),
	(6141,2,184.5,-60.4344,6,2872),
	(6142,2,193.5,-60.4344,6,2873),
	(6143,2,202.5,-60.4344,6,2874),
	(6144,2,211.5,-60.4344,6,2875),
	(6145,2,220.5,-60.4344,6,2876),
	(6146,2,229.5,-60.4344,6,2877),
	(6147,2,238.5,-60.4344,6,2878),
	(6148,2,247.5,-60.4344,6,2879),
	(6149,2,256.5,-60.4344,6,2880),
	(6150,2,265.5,-60.4344,6,2881),
	(6151,2,274.5,-60.4344,6,2882),
	(6152,2,283.5,-60.4344,6,2883),
	(6153,2,292.5,-60.4344,6,2884),
	(6154,2,301.5,-60.4344,6,2885),
	(6155,2,310.5,-60.4344,6,2886),
	(6156,2,319.5,-60.4344,6,2887),
	(6157,2,328.5,-60.4344,6,2888),
	(6158,2,337.5,-60.4344,6,2889),
	(6159,2,346.5,-60.4344,6,2890),
	(6160,2,355.5,-60.4344,6,2891),
	(6161,2,5,-63.4483,6,2892),
	(6162,2,15,-63.4483,6,2893),
	(6163,2,25,-63.4483,6,2894),
	(6164,2,35,-63.4483,6,2895),
	(6165,2,45,-63.4483,6,2896),
	(6166,2,55,-63.4483,6,2897),
	(6167,2,65,-63.4483,6,2898),
	(6168,2,75,-63.4483,6,2899),
	(6169,2,85,-63.4483,6,2900),
	(6170,2,95,-63.4483,6,2901),
	(6171,2,105,-63.4483,6,2902),
	(6172,2,115,-63.4483,6,2903),
	(6173,2,125,-63.4483,6,2904),
	(6174,2,135,-63.4483,6,2905),
	(6175,2,145,-63.4483,6,2906),
	(6176,2,155,-63.4483,6,2907),
	(6177,2,165,-63.4483,6,2908),
	(6178,2,175,-63.4483,6,2909),
	(6179,2,185,-63.4483,6,2910),
	(6180,2,195,-63.4483,6,2911),
	(6181,2,205,-63.4483,6,2912),
	(6182,2,215,-63.4483,6,2913),
	(6183,2,225,-63.4483,6,2914),
	(6184,2,235,-63.4483,6,2915),
	(6185,2,245,-63.4483,6,2916),
	(6186,2,255,-63.4483,6,2917),
	(6187,2,265,-63.4483,6,2918),
	(6188,2,275,-63.4483,6,2919),
	(6189,2,285,-63.4483,6,2920),
	(6190,2,295,-63.4483,6,2921),
	(6191,2,305,-63.4483,6,2922),
	(6192,2,315,-63.4483,6,2923),
	(6193,2,325,-63.4483,6,2924),
	(6194,2,335,-63.4483,6,2925),
	(6195,2,345,-63.4483,6,2926),
	(6196,2,355,-63.4483,6,2927),
	(6197,2,5.625,-66.4435,6,2928),
	(6198,2,16.875,-66.4435,6,2929),
	(6199,2,28.125,-66.4435,6,2930),
	(6200,2,39.375,-66.4435,6,2931),
	(6201,2,50.625,-66.4435,6,2932),
	(6202,2,61.875,-66.4435,6,2933),
	(6203,2,73.125,-66.4435,6,2934),
	(6204,2,84.375,-66.4435,6,2935),
	(6205,2,95.625,-66.4435,6,2936),
	(6206,2,106.875,-66.4435,6,2937),
	(6207,2,118.125,-66.4435,6,2938),
	(6208,2,129.375,-66.4435,6,2939),
	(6209,2,140.625,-66.4435,6,2940),
	(6210,2,151.875,-66.4435,6,2941),
	(6211,2,163.125,-66.4435,6,2942),
	(6212,2,174.375,-66.4435,6,2943),
	(6213,2,185.625,-66.4435,6,2944),
	(6214,2,196.875,-66.4435,6,2945),
	(6215,2,208.125,-66.4435,6,2946),
	(6216,2,219.375,-66.4435,6,2947),
	(6217,2,230.625,-66.4435,6,2948),
	(6218,2,241.875,-66.4435,6,2949),
	(6219,2,253.125,-66.4435,6,2950),
	(6220,2,264.375,-66.4435,6,2951),
	(6221,2,275.625,-66.4435,6,2952),
	(6222,2,286.875,-66.4435,6,2953),
	(6223,2,298.125,-66.4435,6,2954),
	(6224,2,309.375,-66.4435,6,2955),
	(6225,2,320.625,-66.4435,6,2956),
	(6226,2,331.875,-66.4435,6,2957),
	(6227,2,343.125,-66.4435,6,2958),
	(6228,2,354.375,-66.4435,6,2959),
	(6229,2,6.42857,-69.4225,6,2960),
	(6230,2,19.2857,-69.4225,6,2961),
	(6231,2,32.1429,-69.4225,6,2962),
	(6232,2,45,-69.4225,6,2963),
	(6233,2,57.8571,-69.4225,6,2964),
	(6234,2,70.7143,-69.4225,6,2965),
	(6235,2,83.5714,-69.4225,6,2966),
	(6236,2,96.4286,-69.4225,6,2967),
	(6237,2,109.286,-69.4225,6,2968),
	(6238,2,122.143,-69.4225,6,2969),
	(6239,2,135,-69.4225,6,2970),
	(6240,2,147.857,-69.4225,6,2971),
	(6241,2,160.714,-69.4225,6,2972),
	(6242,2,173.571,-69.4225,6,2973),
	(6243,2,186.429,-69.4225,6,2974),
	(6244,2,199.286,-69.4225,6,2975),
	(6245,2,212.143,-69.4225,6,2976),
	(6246,2,225,-69.4225,6,2977),
	(6247,2,237.857,-69.4225,6,2978),
	(6248,2,250.714,-69.4225,6,2979),
	(6249,2,263.571,-69.4225,6,2980),
	(6250,2,276.429,-69.4225,6,2981),
	(6251,2,289.286,-69.4225,6,2982),
	(6252,2,302.143,-69.4225,6,2983),
	(6253,2,315,-69.4225,6,2984),
	(6254,2,327.857,-69.4225,6,2985),
	(6255,2,340.714,-69.4225,6,2986),
	(6256,2,353.571,-69.4225,6,2987),
	(6257,2,7.5,-72.3876,6,2988),
	(6258,2,22.5,-72.3876,6,2989),
	(6259,2,37.5,-72.3876,6,2990),
	(6260,2,52.5,-72.3876,6,2991),
	(6261,2,67.5,-72.3876,6,2992),
	(6262,2,82.5,-72.3876,6,2993),
	(6263,2,97.5,-72.3876,6,2994),
	(6264,2,112.5,-72.3876,6,2995),
	(6265,2,127.5,-72.3876,6,2996),
	(6266,2,142.5,-72.3876,6,2997),
	(6267,2,157.5,-72.3876,6,2998),
	(6268,2,172.5,-72.3876,6,2999),
	(6269,2,187.5,-72.3876,6,3000),
	(6270,2,202.5,-72.3876,6,3001),
	(6271,2,217.5,-72.3876,6,3002),
	(6272,2,232.5,-72.3876,6,3003),
	(6273,2,247.5,-72.3876,6,3004),
	(6274,2,262.5,-72.3876,6,3005),
	(6275,2,277.5,-72.3876,6,3006),
	(6276,2,292.5,-72.3876,6,3007),
	(6277,2,307.5,-72.3876,6,3008),
	(6278,2,322.5,-72.3876,6,3009),
	(6279,2,337.5,-72.3876,6,3010),
	(6280,2,352.5,-72.3876,6,3011),
	(6281,2,9,-75.3407,6,3012),
	(6282,2,27,-75.3407,6,3013),
	(6283,2,45,-75.3407,6,3014),
	(6284,2,63,-75.3407,6,3015),
	(6285,2,81,-75.3407,6,3016),
	(6286,2,99,-75.3407,6,3017),
	(6287,2,117,-75.3407,6,3018),
	(6288,2,135,-75.3407,6,3019),
	(6289,2,153,-75.3407,6,3020),
	(6290,2,171,-75.3407,6,3021),
	(6291,2,189,-75.3407,6,3022),
	(6292,2,207,-75.3407,6,3023),
	(6293,2,225,-75.3407,6,3024),
	(6294,2,243,-75.3407,6,3025),
	(6295,2,261,-75.3407,6,3026),
	(6296,2,279,-75.3407,6,3027),
	(6297,2,297,-75.3407,6,3028),
	(6298,2,315,-75.3407,6,3029),
	(6299,2,333,-75.3407,6,3030),
	(6300,2,351,-75.3407,6,3031),
	(6301,2,11.25,-78.2841,6,3032),
	(6302,2,33.75,-78.2841,6,3033),
	(6303,2,56.25,-78.2841,6,3034),
	(6304,2,78.75,-78.2841,6,3035),
	(6305,2,101.25,-78.2841,6,3036),
	(6306,2,123.75,-78.2841,6,3037),
	(6307,2,146.25,-78.2841,6,3038),
	(6308,2,168.75,-78.2841,6,3039),
	(6309,2,191.25,-78.2841,6,3040),
	(6310,2,213.75,-78.2841,6,3041),
	(6311,2,236.25,-78.2841,6,3042),
	(6312,2,258.75,-78.2841,6,3043),
	(6313,2,281.25,-78.2841,6,3044),
	(6314,2,303.75,-78.2841,6,3045),
	(6315,2,326.25,-78.2841,6,3046),
	(6316,2,348.75,-78.2841,6,3047),
	(6317,2,15,-81.2198,6,3048),
	(6318,2,45,-81.2198,6,3049),
	(6319,2,75,-81.2198,6,3050),
	(6320,2,105,-81.2198,6,3051),
	(6321,2,135,-81.2198,6,3052),
	(6322,2,165,-81.2198,6,3053),
	(6323,2,195,-81.2198,6,3054),
	(6324,2,225,-81.2198,6,3055),
	(6325,2,255,-81.2198,6,3056),
	(6326,2,285,-81.2198,6,3057),
	(6327,2,315,-81.2198,6,3058),
	(6328,2,345,-81.2198,6,3059),
	(6329,2,22.5,-84.1497,6,3060),
	(6330,2,67.5,-84.1497,6,3061),
	(6331,2,112.5,-84.1497,6,3062),
	(6332,2,157.5,-84.1497,6,3063),
	(6333,2,202.5,-84.1497,6,3064),
	(6334,2,247.5,-84.1497,6,3065),
	(6335,2,292.5,-84.1497,6,3066),
	(6336,2,337.5,-84.1497,6,3067),
	(6337,2,45,-87.0758,6,3068),
	(6338,2,135,-87.0758,6,3069),
	(6339,2,225,-87.0758,6,3070),
	(6340,2,315,-87.0758,6,3071);
